城市,区域,标题,总价(万),单价(元/平),户型,面积(平),朝向,装修,楼层,年份,小区,链接
bj,全市,南竺园 2室1厅 南 北,155,"20,848元/平",2室1厅,74.35平米,南 北,其他,中楼层(共6层),1995年,南竺园,https://bj.lianjia.com/ershoufang/101131089695.html
bj,全市,首付50万以内就够 ，H户型，视野好，采光佳，诚心,285,"31,182元/平",2室1厅,91.4平米,东 西,简装,高楼层(共28层),2009年,新通国际花园,https://bj.lianjia.com/ershoufang/101133002812.html
bj,全市,南庭新苑北区 东向一居室  有房本 看房方便,130,"25,784元/平",1室1厅,50.42平米,东,简装,15层,2012年,南庭新苑北区,https://bj.lianjia.com/ershoufang/101134004285.html
bj,全市,高家园五区 2室1厅 南 北,255,"43,192元/平",2室1厅,59.04平米,南 北,精装,高楼层(共6层),1994年,高家园五区,https://bj.lianjia.com/ershoufang/101132530548.html
bj,全市,此房满五唯一商品房，一层，南北通透，不临街,305,"73,406元/平",1室1厅,41.55平米,南 北,其他,底层(共9层),板楼,慧忠北里第二社区,https://bj.lianjia.com/ershoufang/101134074081.html
bj,全市,蓝星花园 1室0厅 西,122,"24,528元/平",1室0厅,49.74平米,西,其他,高楼层(共11层),2006年,蓝星花园,https://bj.lianjia.com/ershoufang/101133834973.html
bj,全市,碧桂园小区二区 满五唯一，采光好，户型方正,165,"15,970元/平",3室1厅,103.32平米,南 北,简装,高楼层(共6层),2004年,碧桂园小区二区,https://bj.lianjia.com/ershoufang/101130063695.html
bj,全市,北礼士路北区 2室1厅 东,460,"90,730元/平",2室1厅,50.7平米,东,精装,中楼层(共16层),板塔结合,北礼士路北区,https://bj.lianjia.com/ershoufang/101133618308.html
bj,全市,鹿港嘉苑 3室2厅 南 北,980,"61,791元/平",3室2厅,158.6平米,南 北,精装,低楼层(共22层),2007年,鹿港嘉苑,https://bj.lianjia.com/ershoufang/101132496055.html
bj,全市,南竺园 2室1厅 南 北,137,"22,983元/平",2室1厅,59.61平米,南 北,简装,底层(共6层),1994年,南竺园,https://bj.lianjia.com/ershoufang/101133416295.html
bj,全市,随时签约 双卧朝南 采光无遮挡视野好 随时看房,709,"126,157元/平",2室1厅,56.2平米,东南,精装,中楼层(共6层),板楼,裕中东里,https://bj.lianjia.com/ershoufang/101132354102.html
bj,全市,怀柔 科学城 顶秀美泉小镇B区 电梯 两居室 精装,228,"25,656元/平",2室1厅,88.87平米,南 北,精装,中楼层(共5层),2015年,顶秀美泉小镇B区,https://bj.lianjia.com/ershoufang/101133160259.html
bj,全市,此房满五年，南向，视野宽阔 业主诚心出售 看房方便,220,"62,804元/平",1室1厅,35.03平米,南,简装,高楼层(共6层),板楼,学院南路32号院,https://bj.lianjia.com/ershoufang/101129051158.html
bj,全市,韩家胡同 1室0厅 东,128,"128,000元/平",1室0厅,10平米,东,精装,底层(共1层),1980年,韩家胡同,https://bj.lianjia.com/ershoufang/101134352867.html
bj,全市,新光大中心 1室1厅 北,99,"22,843元/平",1室1厅,43.34平米,北,精装,中楼层(共29层),2016年,新光大中心,https://bj.lianjia.com/ershoufang/101134209127.html
bj,全市,育新花园北里 2室2厅 南 北,93,"11,715元/平",2室2厅,79.39平米,南 北,其他,低楼层(共18层),2014年,育新花园北里,https://bj.lianjia.com/ershoufang/101131915380.html
bj,全市,东城区，有电梯，安德路乙61号院,426,"91,831元/平",2室1厅,46.39平米,东,精装,中楼层(共14层),塔楼,安德路乙61号院,https://bj.lianjia.com/ershoufang/101131780663.html
bj,全市,华亭嘉园观景三居室户型方正无浪费看房方便,998,"62,998元/平",3室2厅,158.42平米,东南,简装,32层,2000年,华亭嘉园,https://bj.lianjia.com/ershoufang/101133221138.html
bj,全市,小街之春 1室1厅 南,140,"25,907元/平",1室1厅,54.04平米,南,简装,中楼层(共6层),2005年,小街之春,https://bj.lianjia.com/ershoufang/101133431058.html
bj,全市,京投银泰万科西华府 精装修南北三居室 高楼层,640,"56,254元/平",3室2厅,113.77平米,南 北,精装,高楼层(共26层),2017年,京投银泰万科西华府,https://bj.lianjia.com/ershoufang/101130034408.html
bj,全市,房山城关中冶蓝城东区+三居室+南北通透,118,"12,094元/平",3室1厅,97.57平米,南 北,其他,高楼层(共6层),2015年,中冶蓝城东区,https://bj.lianjia.com/ershoufang/101117631551.html
bj,全市,北街家园六区 3室1厅 东西 2016年商品房,216,"24,644元/平",3室1厅,87.65平米,东 西,简装,高楼层(共18层),2016年,北街家园六区,https://bj.lianjia.com/ershoufang/101132973887.html
bj,全市,富乐社区一号院,135,"22,561元/平",2室2厅,59.84平米,南 北,简装,中楼层(共6层),板楼,富乐社区一号院,https://bj.lianjia.com/ershoufang/101134193688.html
bj,全市,北河沿大街2居出售好户型靠近南锣鼓巷,445,"79,907元/平",2室1厅,55.69平米,南 北,简装,中楼层(共5层),板楼,北河沿大街,https://bj.lianjia.com/ershoufang/101133166845.html
bj,全市,板桥南街7号院 正规一居室 不临街 视野好,82,"14,558元/平",1室1厅,56.33平米,南,其他,高楼层(共15层),2015年,板桥南街7号院,https://bj.lianjia.com/ershoufang/101132717971.html
bj,全市,紧挨奥森公园，东南三居，阳光视野不错，三条地铁通勤,598,"61,102元/平",3室1厅,97.87平米,东南,简装,中楼层(共24层),塔楼,慧忠北里,https://bj.lianjia.com/ershoufang/101132144403.html
bj,全市,看房联系维护人！双阳台 独门独院 24小时安保。,237,"42,974元/平",2室1厅,55.15平米,西 东,精装,高楼层(共6层),板楼,八里庄北里小区,https://bj.lianjia.com/ershoufang/101132142213.html
bj,全市,房子东西通透，满五唯一 中间楼层，楼下就是地铁站！,270,"45,779元/平",2室1厅,58.98平米,东 西,简装,高楼层(共6层),1993年,和平西街,https://bj.lianjia.com/ershoufang/101134334546.html
bj,全市,此房是满五年，没有遮挡，户型格局好，配套齐全。,245,"39,909元/平",2室1厅,61.39平米,东北,简装,低楼层(共17层),1990年,延静西里,https://bj.lianjia.com/ershoufang/101129766630.html
bj,全市,公园边 采光好  交通出行便利 没有抵押,185,"49,893元/平",1室1厅,37.08平米,东 西南,简装,底层(共20层),1985年,外馆东街50号院,https://bj.lianjia.com/ershoufang/101133620933.html
bj,全市,北街家园六区 3室1厅 东西 2016年商品房,216,"24,644元/平",3室1厅,87.65平米,东 西,简装,高楼层(共18层),2016年,北街家园六区,https://bj.lianjia.com/ershoufang/101132973887.html
bj,全市,小街之春 1室1厅 南,140,"25,907元/平",1室1厅,54.04平米,南,简装,中楼层(共6层),2005年,小街之春,https://bj.lianjia.com/ershoufang/101133431058.html
bj,全市,华亭嘉园观景三居室户型方正无浪费看房方便,998,"62,998元/平",3室2厅,158.42平米,东南,简装,32层,2000年,华亭嘉园,https://bj.lianjia.com/ershoufang/101133221138.html
bj,全市,高家园五区 2室1厅 南 北,255,"43,192元/平",2室1厅,59.04平米,南 北,精装,高楼层(共6层),1994年,高家园五区,https://bj.lianjia.com/ershoufang/101132530548.html
bj,全市,蓝星花园 1室0厅 西,122,"24,528元/平",1室0厅,49.74平米,西,其他,高楼层(共11层),2006年,蓝星花园,https://bj.lianjia.com/ershoufang/101133834973.html
bj,全市,碧桂园小区二区 满五唯一，采光好，户型方正,165,"15,970元/平",3室1厅,103.32平米,南 北,简装,高楼层(共6层),2004年,碧桂园小区二区,https://bj.lianjia.com/ershoufang/101130063695.html
bj,全市,安静的融科二期，次顶层，视野开阔，难得的户型，急售,790,"77,451元/平",2室1厅,102平米,东南,精装,高楼层(共28层),2007年,融科橄榄城二期,https://bj.lianjia.com/ershoufang/101133436357.html
bj,全市,育新花园中里 南北通透 好楼层,100,"11,732元/平",2室2厅,85.24平米,南 北,简装,中楼层(共15层),板楼,育新花园中里,https://bj.lianjia.com/ershoufang/101131125739.html
bj,全市,原香小镇一区，满5精装，中层中间位置,205,"23,267元/平",2室1厅,88.11平米,南 北,简装,中楼层(共10层),2010年,原香小镇一区,https://bj.lianjia.com/ershoufang/101132438287.html
bj,全市,信和嘉园  全明东南两居室   精装修 满五唯一,950,"106,276元/平",2室1厅,89.39平米,东南,精装,高楼层(共18层),板楼,信和嘉园,https://bj.lianjia.com/ershoufang/101133451525.html
bj,全市,公园边 采光好  交通出行便利 没有抵押,185,"49,893元/平",1室1厅,37.08平米,东 西南,简装,底层(共20层),1985年,外馆东街50号院,https://bj.lianjia.com/ershoufang/101133620933.html
bj,全市,首开国风美唐二期 1室1厅 东,279,"46,124元/平",1室1厅,60.49平米,东,简装,18层,2014年,首开国风美唐二期,https://bj.lianjia.com/ershoufang/101132991102.html
bj,全市,蓝星公寓 二环平层四居 电梯板楼 公园环绕 位置好,2280,"173,675元/平",4室1厅,131.28平米,南 西 北,简装,高楼层(共6层),板楼,蓝星公寓,https://bj.lianjia.com/ershoufang/101131676000.html
bj,全市,紫金新干线四区电梯房两居室,220,"30,556元/平",2室1厅,72平米,南,简装,底层(共18层),2018年,紫金新干线四区,https://bj.lianjia.com/ershoufang/101133734086.html
bj,全市,西山艺境 电梯联排 简单装修未居住 随时可看,990,"27,513元/平",5室3厅,359.83平米,南 北,简装,3层,板楼,西山艺境华墅,https://bj.lianjia.com/ershoufang/101130637758.html
bj,全市,樱花苑 1室2厅 南,206,"36,185元/平",1室2厅,56.93平米,南,精装,中楼层(共28层),2019年,樱花苑,https://bj.lianjia.com/ershoufang/101132526969.html
bj,全市,首创新悦都一区 全明格局，精装修 有钥匙，领包入住,258,"29,189元/平",3室1厅,88.39平米,南 北 西,其他,中楼层(共17层),板楼,首创新悦都一区,https://bj.lianjia.com/ershoufang/101134076393.html
bj,全市,团结湖路 2室1厅 南 北,264,"54,546元/平",2室1厅,48.4平米,南 北,精装,中楼层(共5层),板楼,团结湖路,https://bj.lianjia.com/ershoufang/101133363585.html
bj,全市,金福家园 商品房 高楼层无遮挡 东南  6号线传媒,199,"32,443元/平",1室1厅,61.34平米,东南,其他,高楼层(共18层),2000年,金福家园,https://bj.lianjia.com/ershoufang/101134239300.html
bj,全市,于家园二区南院    大两居室  看房子有钥匙,130,"17,741元/平",2室1厅,73.28平米,南 北,简装,中楼层(共6层),1998年,于家园二区南院,https://bj.lianjia.com/ershoufang/101124296948.html
bj,全市,京奥港枫泉花园   精装修 明厨明卫  次新房,193,"25,879元/平",2室1厅,74.58平米,南 北,其他,低楼层(共16层),2017年,京奥港枫泉花园,https://bj.lianjia.com/ershoufang/101134237140.html
bj,全市,绿地·京西景园 1室1厅 南,95,"18,646元/平",1室1厅,50.95平米,南,精装,中楼层(共28层),2017年,绿地·京西景园,https://bj.lianjia.com/ershoufang/101131222424.html
bj,全市,民族大学西路60号院 精装修两居 可以拎包入住,699,"85,006元/平",2室1厅,82.23平米,西南,精装,高楼层(共18层),板塔结合,民族大学西路60号院,https://bj.lianjia.com/ershoufang/101133057242.html
bj,全市,六场宿舍 满五年唯一 南北通透 小区改造过,188,"30,911元/平",2室1厅,60.82平米,北 南,简装,高楼层(共6层),1984年,六场宿舍,https://bj.lianjia.com/ershoufang/101134352470.html
bj,全市,知本时代 海淀产权带电梯 落地窗,195,"47,631元/平",1室1厅,40.94平米,北,精装,高楼层(共18层),2004年,知本时代,https://bj.lianjia.com/ershoufang/101132939429.html
bj,全市,通透，精装修，拎包即住，管理好,868,"72,966元/平",2室2厅,118.96平米,南 北,精装,顶层(共12层),2003年,怡景园,https://bj.lianjia.com/ershoufang/101132357700.html
bj,全市,满五唯一带电梯的两居室，不临街不遮挡,439,"61,459元/平",2室1厅,71.43平米,东南,简装,低楼层(共16层),1988年,樱花园,https://bj.lianjia.com/ershoufang/101134198350.html
bj,全市,菜园北里 2室2厅 东 西,348,"71,901元/平",2室2厅,48.4平米,东 西,其他,中楼层(共5层),1980年,菜园北里,https://bj.lianjia.com/ershoufang/101127833252.html
bj,全市,京旺家园一居室，看房随时，诚意出售,160,"26,824元/平",1室1厅,59.65平米,南,简装,底层(共11层),板楼,京旺家园,https://bj.lianjia.com/ershoufang/101127148389.html
bj,全市,老旧小区精装好房！近地铁16号线，海淀客群优选。,200,"36,887元/平",2室1厅,54.22平米,南 北,精装,中楼层(共6层),板楼,南开西里,https://bj.lianjia.com/ershoufang/101130891689.html
bj,全市,京旺家园一居室，看房随时，诚意出售,160,"26,824元/平",1室1厅,59.65平米,南,简装,底层(共11层),板楼,京旺家园,https://bj.lianjia.com/ershoufang/101127148389.html
bj,全市,通透，精装修，拎包即住，管理好,868,"72,966元/平",2室2厅,118.96平米,南 北,精装,顶层(共12层),2003年,怡景园,https://bj.lianjia.com/ershoufang/101132357700.html
bj,全市,老旧小区精装好房！近地铁16号线，海淀客群优选。,200,"36,887元/平",2室1厅,54.22平米,南 北,精装,中楼层(共6层),板楼,南开西里,https://bj.lianjia.com/ershoufang/101130891689.html
bj,全市,六场宿舍 满五年唯一 南北通透 小区改造过,188,"30,911元/平",2室1厅,60.82平米,北 南,简装,高楼层(共6层),1984年,六场宿舍,https://bj.lianjia.com/ershoufang/101134352470.html
bj,全市,冯村信园小区南北两居室采光视野好,160,"20,061元/平",2室1厅,79.76平米,南 北,简装,高楼层(共6层),板楼,冯村信园小区,https://bj.lianjia.com/ershoufang/101134102278.html
bj,全市,一层带商补协议南北通透两居室，客厅可以直接出去,285,"32,684元/平",2室1厅,87.2平米,南 北,其他,底层(共7层),2001年,天通苑东一区,https://bj.lianjia.com/ershoufang/101133583459.html
bj,全市,知本时代 海淀产权带电梯 落地窗,195,"47,631元/平",1室1厅,40.94平米,北,精装,高楼层(共18层),2004年,知本时代,https://bj.lianjia.com/ershoufang/101132939429.html
bj,全市,民族大学西路60号院 精装修两居 可以拎包入住,699,"85,006元/平",2室1厅,82.23平米,西南,精装,高楼层(共18层),板塔结合,民族大学西路60号院,https://bj.lianjia.com/ershoufang/101133057242.html
bj,全市,长椿街 2004年商品房社区 满五唯一 三面采光,998,"106,738元/平",2室1厅,93.5平米,东 北 西,精装,中楼层(共14层),2004年,相来家园,https://bj.lianjia.com/ershoufang/101133672265.html
bj,全市,新源西里中街  带电梯两居  满五年,268,"45,680元/平",2室1厅,58.67平米,东,其他,中楼层(共22层),塔楼,新源西里中街,https://bj.lianjia.com/ershoufang/101133965075.html
bj,全市,橡树湾一期  满五唯一 位置安静 采光充足 诚意卖,798,"90,007元/平",2室1厅,88.66平米,西南,其他,中楼层(共16层),2007年,橡树湾一期,https://bj.lianjia.com/ershoufang/101131816671.html
bj,全市,满五年 电梯入户 精装修，看房方便诚心出售,229,"30,006元/平",2室2厅,76.32平米,西 北,精装,中楼层(共14层),2018年,翡翠公园一期,https://bj.lianjia.com/ershoufang/101133456146.html
bj,全市,稻香园 南北通透全明两居室 满五唯一,490,"82,506元/平",2室1厅,59.39平米,南 北,精装,中楼层(共6层),板楼,稻香园,https://bj.lianjia.com/ershoufang/101133940828.html
bj,全市,业主诚心出售价格可以谈 看房有钥匙,225,"27,837元/平",2室1厅,80.83平米,南 北,简装,低楼层(共15层),2011年,金泽家园A区,https://bj.lianjia.com/ershoufang/101133770297.html
bj,全市,京贸国际公馆东区 精装电梯三居 南北通透 满两年,405,"43,903元/平",3室1厅,92.25平米,北 南,精装,中楼层(共27层),2015年,京贸国际公馆东区,https://bj.lianjia.com/ershoufang/101132663246.html
bj,全市,四环边 2015年小区 电梯房 交通方便 配套齐全,399,"41,352元/平",2室1厅,96.49平米,南 北,精装,中楼层(共20层),2014年,四合欣园,https://bj.lianjia.com/ershoufang/101127867399.html
bj,全市,华瀚福园D区 1室1厅 南,145,"27,159元/平",1室1厅,53.39平米,南,精装,中楼层(共18层),板楼,华瀚福园D区,https://bj.lianjia.com/ershoufang/101128157199.html
bj,全市,红山郡 3室1厅 南 北,237,"27,349元/平",3室1厅,86.66平米,南 北,精装,高楼层(共18层),2017年,红山郡,https://bj.lianjia.com/ershoufang/101134052098.html
bj,全市,金汉绿港纯南两居室，满五年唯一，中高楼层，不临街,259,"29,706元/平",2室1厅,87.19平米,南,精装,20层,2013年,金汉绿港五区,https://bj.lianjia.com/ershoufang/101133748794.html
bj,全市,顺鑫澜庭装修好房 随时看 随时签约,128,"14,884元/平",2室1厅,86平米,南 北,简装,中楼层(共6层),2007年,顺鑫澜庭,https://bj.lianjia.com/ershoufang/101134257141.html
bj,全市,铜厂子胡同 2室1厅 南 北,436,"87,745元/平",2室1厅,49.69平米,南 北,精装,中楼层(共5层),板楼,铜厂子胡同,https://bj.lianjia.com/ershoufang/101132773620.html
bj,全市,西山甲一号，南向一居室，采光无遮挡,195,"32,168元/平",1室1厅,60.62平米,南,其他,中楼层(共18层),板楼,西山甲一号,https://bj.lianjia.com/ershoufang/101133710419.html
bj,全市,高楼层，南北通透，视野开阔，全新精装修，采光充足,610,"57,980元/平",2室1厅,105.21平米,南 北,精装,高楼层(共18层),2005年,泰华滨河苑,https://bj.lianjia.com/ershoufang/101134246270.html
bj,全市,金兴苑 2室1厅 西 北,230,"38,598元/平",2室1厅,59.59平米,西 北,简装,30层,2006年,金兴苑,https://bj.lianjia.com/ershoufang/101133761882.html
bj,全市,双裕小区小两居，满五年唯一，免费停车,121,"20,505元/平",1室1厅,59.01平米,南 北,简装,顶层(共5层),1994年,双裕小区,https://bj.lianjia.com/ershoufang/101133674735.html
bj,全市,双阳台 采光好 南北通透 业主诚心,218,"24,636元/平",2室1厅,88.49平米,南 北,精装,中楼层(共10层),2010年,原香小镇一区,https://bj.lianjia.com/ershoufang/101132952718.html
bj,全市,优点社区  东西两居  满五唯一,268,"34,648元/平",2室1厅,77.35平米,东 西,其他,10层,2006年,优点社区,https://bj.lianjia.com/ershoufang/101133982953.html
bj,全市,南北通透双阳台2室2卫带阳台 客厅主卧朝南洋房社区,389,"39,906元/平",2室2厅,97.48平米,南 北,精装,7层,2005年,华龙苑北里,https://bj.lianjia.com/ershoufang/101131349497.html
bj,全市,瑞雪春堂二里 南向两居 位置好楼层高 无抵押随时签,189,"21,125元/平",2室1厅,89.47平米,南,简装,中楼层(共15层),2010年,瑞雪春堂,https://bj.lianjia.com/ershoufang/101133072625.html
bj,全市,长桥园公寓 经典南北向三居 房子交通便利 购物方便,333,"28,199元/平",3室1厅,118.09平米,南 北,简装,中楼层(共12层),2002年,长桥园公寓,https://bj.lianjia.com/ershoufang/101132993614.html
bj,全市,鸿顺园东区两居室，采光充足，视野开阔，南北通透,195,"22,233元/平",2室1厅,87.71平米,南 北,简装,中楼层(共15层),2011年,鸿顺园东区,https://bj.lianjia.com/ershoufang/101134012806.html
bj,全市,崔村二里双卧朝南两居中间楼层上下楼方便,99,"19,344元/平",2室1厅,51.18平米,南,其他,中楼层(共5层),板楼,崔村二里,https://bj.lianjia.com/ershoufang/101134121052.html
bj,全市,朝阳公园西里北区 3室1厅 南 北,360,"48,323元/平",3室1厅,74.5平米,南 北,简装,高楼层(共6层),1993年,朝阳公园西里北区,https://bj.lianjia.com/ershoufang/101131390795.html
bj,全市,京品小区 地铁8号线 南北通透 户型好 无浪费,385,"45,215元/平",2室1厅,85.15平米,南 北,精装,6层,2005年,京品小区,https://bj.lianjia.com/ershoufang/101132761626.html
bj,全市,安宁里 2室1厅 南 北,285,"42,922元/平",2室1厅,66.4平米,南 北,简装,中楼层(共6层),1998年,安宁里,https://bj.lianjia.com/ershoufang/101134260736.html
bj,全市,皂君东里 2室1厅 东 西,350,"60,241元/平",2室1厅,58.1平米,东 西,简装,中楼层(共6层),1988年,皂君东里,https://bj.lianjia.com/ershoufang/101132713137.html
bj,全市,一层，精装修，拎包入住，看房有钥匙，随时看，近公园,580,"43,867元/平",3室1厅,132.22平米,南 北,精装,6层,板楼,龙腾苑二区,https://bj.lianjia.com/ershoufang/101133356588.html
bj,全市,金隅滨和园2号院精装修一居室,102,"17,774元/平",1室1厅,57.39平米,南,精装,中楼层(共31层),2014年,金隅滨和园2号院,https://bj.lianjia.com/ershoufang/101133354632.html
bj,全市,永定路57号院，精装修，南北通透两居室,325,"59,524元/平",2室1厅,54.6平米,南 北,精装,高楼层(共6层),板楼,永定路57号院,https://bj.lianjia.com/ershoufang/101132850849.html
bj,全市,东方太阳城顶层大三居，高尔夫景观,450,"25,525元/平",3室2厅,176.3平米,南 北,精装,顶层(共6层),2010年,东方太阳城,https://bj.lianjia.com/ershoufang/101133344776.html
bj,全市,西城区 二环 16号线 08年小区 考拉社区,299,"66,268元/平",1室1厅,45.12平米,西,简装,低楼层(共21层),塔楼,信德园二期（考拉社区）,https://bj.lianjia.com/ershoufang/101129789509.html
bj,全市,满五唯一商品房 南北通透户型 中间楼层 诚心卖,193,"25,432元/平",2室1厅,75.89平米,南 北,简装,中楼层(共28层),2014年,华远铭悦园,https://bj.lianjia.com/ershoufang/101133074576.html
bj,全市,小高层三居室 友谊医院附近 中间层采光好 电梯洋房,245,"26,062元/平",3室1厅,94.01平米,东 西,简装,中楼层(共10层),2013年,珠江丽景家园,https://bj.lianjia.com/ershoufang/101134022169.html
bj,全市,东南向两居室 大客厅 采光好 近地铁,498,"52,895元/平",2室1厅,94.15平米,东南,精装,中楼层(共26层),2001年,安慧北里逸园,https://bj.lianjia.com/ershoufang/101133348130.html
bj,全市,珠江国际城八区 精装修满五年唯一 拎包入住,649,"52,812元/平",3室2厅,122.89平米,南 北,精装,底层(共8层),板楼,珠江国际城八区,https://bj.lianjia.com/ershoufang/101133495007.html
bj,全市,强佑清河新城府学上院 1室0厅 南,270,"57,472元/平",1室0厅,46.98平米,南,简装,低楼层(共14层),2021年,强佑清河新城府学上院,https://bj.lianjia.com/ershoufang/101128927088.html
bj,全市,雅善园 南向两居室 业主诚心出售,108,"13,438元/平",2室1厅,80.37平米,南,其他,高楼层(共15层),板楼,雅善园,https://bj.lianjia.com/ershoufang/101133206464.html
bj,全市,龙湖滟澜新宸东区 3室1厅 南 北,298,"31,428元/平",3室1厅,94.82平米,南 北,简装,高楼层(共13层),板楼,龙湖滟澜新宸东区,https://bj.lianjia.com/ershoufang/101124995140.html
bj,全市,世纪城总价特低一居室 户型方正 有钥匙 不临街安静,415,"65,957元/平",1室1厅,62.92平米,东南,简装,底层(共11层),2003年,烟树园,https://bj.lianjia.com/ershoufang/101133085784.html
bj,全市,旺龙花园中高层，近地铁，南北通透的两居室,268,"25,148元/平",2室1厅,106.57平米,南 北,精装,高楼层(共6层),2004年,旺龙花园,https://bj.lianjia.com/ershoufang/101131445569.html
bj,全市,杏花西里，南北向，采光好，户型通透，只有契税,51,"8,861元/平",2室1厅,57.56平米,南 北,简装,高楼层(共6层),板楼,杏花西里,https://bj.lianjia.com/ershoufang/101130751902.html
bj,全市,丰台新宫，阳光星苑北区，满五唯一，带电梯，楼龄新,218,"33,242元/平",2室1厅,65.58平米,南 北,简装,低楼层(共16层),2014年,阳光星苑北区,https://bj.lianjia.com/ershoufang/101132641387.html
bj,全市,此房是满五年，家庭唯一的，可以贷款，精装修的，可以,85,"15,410元/平",1室1厅,55.16平米,南,精装,中楼层(共12层),板楼,滨河馨居,https://bj.lianjia.com/ershoufang/101134089772.html
bj,全市,东四环小而美的社区 优质两居 眼镜户型 地铁好房,345,"42,720元/平",2室1厅,80.76平米,东,简装,高楼层(共21层),塔楼,迎曦园,https://bj.lianjia.com/ershoufang/101134354793.html
bj,全市,金荣园南北通透两居室，满五唯一，诚心出售。,146,"22,216元/平",2室1厅,65.72平米,南 北,其他,低楼层(共6层),板楼,金荣园,https://bj.lianjia.com/ershoufang/101130878405.html
bj,全市,玉竹园  大学城地铁站 诚心出售,163,"19,554元/平",2室1厅,83.36平米,南 北,精装,中楼层(共6层),板楼,玉竹园,https://bj.lianjia.com/ershoufang/101131341961.html
bj,全市,德胜里一区 南北两居室 包包用完了 诚心卖,680,"124,771元/平",2室1厅,54.5平米,南 北,精装,顶层(共5层),1980年,德胜里一区,https://bj.lianjia.com/ershoufang/101129004546.html
bj,全市,绿地花都苑满五唯一南北通透两居室中高楼层采光好,178,"20,311元/平",2室1厅,87.64平米,南 北,简装,中楼层(共14层),2012年,绿地花都苑,https://bj.lianjia.com/ershoufang/101133225818.html
bj,全市,首创悦溪汇业主诚意出售 电梯两居室 满五年唯一,135,"17,615元/平",2室2厅,76.64平米,南 北,简装,中楼层(共8层),板塔结合,首创悦溪汇,https://bj.lianjia.com/ershoufang/101131535764.html
bj,全市,禾香雅园二期三居双卫大三居全明格局好楼层看房方便,299,"26,538元/平",3室1厅,112.67平米,南 北,精装,高楼层(共11层),板楼,禾香雅园二期,https://bj.lianjia.com/ershoufang/101131061508.html
bj,全市,康家园 全南两居 按满五唯一商品房售,339,"40,362元/平",2室1厅,83.99平米,南,简装,中楼层(共18层),塔楼,康家园,https://bj.lianjia.com/ershoufang/101134334205.html
bj,全市,华远铭悦园 2室1厅 南,168,"28,738元/平",2室1厅,58.46平米,南,简装,中楼层(共28层),2014年,华远铭悦园,https://bj.lianjia.com/ershoufang/101133586673.html
bj,全市,甘露园南里二区广场旁采光好一居室,159,"36,823元/平",1室1厅,43.18平米,西南,精装,高楼层(共6层),板楼,甘露园南里,https://bj.lianjia.com/ershoufang/101132556049.html
bj,全市,东外十字坡西里 小区中间不临街 中楼层采光好,498,"93,874元/平",2室1厅,53.05平米,南,简装,中楼层(共6层),板楼,十字坡西里,https://bj.lianjia.com/ershoufang/101133808646.html
bj,全市,康泽佳苑南区 1室1厅 南,89,"21,226元/平",1室1厅,41.93平米,南,精装,低楼层(共28层),2014年,康泽佳苑南区,https://bj.lianjia.com/ershoufang/101131829028.html
bj,全市,北大地一里，中间层两居室，精装修，采光无遮挡,232,"45,670元/平",2室1厅,50.8平米,南,精装,中楼层(共5层),板楼,北大地一里,https://bj.lianjia.com/ershoufang/101133094665.html
bj,全市,城关北里社区 1室1厅 南 北,59,"13,100元/平",1室1厅,45.04平米,南 北,其他,中楼层(共6层),1987年,城关北里社区,https://bj.lianjia.com/ershoufang/101133175316.html
bj,全市,石榴园南里小区 中间层 满五年唯一 正对花园,168,"35,526元/平",1室1厅,47.29平米,西,简装,高楼层(共6层),板楼,石榴园南里小区,https://bj.lianjia.com/ershoufang/101133614354.html
bj,全市,华城家园 3室2厅 南 北,86,"7,545元/平",3室2厅,113.99平米,南 北,精装,低楼层(共6层),2005年,华城家园,https://bj.lianjia.com/ershoufang/101129860525.html
bj,全市,东方生活区 2室1厅 南 北,150,"26,897元/平",2室1厅,55.77平米,南 北,其他,中楼层(共5层),板楼,东方生活区,https://bj.lianjia.com/ershoufang/101134238946.html
bj,全市,欣六园 大两居室 毛坯房 南北通透 交通方便,170,"18,598元/平",2室1厅,91.41平米,南 北,其他,高楼层(共11层),2012年,欣六园,https://bj.lianjia.com/ershoufang/101134060175.html
bj,全市,西辛北区 南北通透 公园旁 中楼层 看房方便,159,"22,433元/平",2室1厅,70.88平米,南 北,其他,中楼层(共6层),1995年,西辛北区,https://bj.lianjia.com/ershoufang/101133208956.html
bj,全市,豆瓣胡同小区，商品房满五年唯一！,545,"113,448元/平",1室1厅,48.04平米,南,精装,中楼层(共10层),2003年,豆瓣胡同,https://bj.lianjia.com/ershoufang/101132874968.html
bj,全市,传媒大学金星小区 南北两居 满五唯一商品房一梯两户,168,"28,837元/平",2室1厅,58.26平米,南 北,毛坯,中楼层(共6层),板楼,金星小区,https://bj.lianjia.com/ershoufang/101132471907.html
bj,全市,云景西里南区 2室1厅 南 北,165,"28,138元/平",2室1厅,58.64平米,南 北,其他,中楼层(共6层),板楼,云景西里南区,https://bj.lianjia.com/ershoufang/101133951271.html
bj,全市,矿机北路，业主诚心出售，价格可以商量,49,"7,433元/平",2室1厅,65.93平米,南 北,简装,顶层(共7层),板楼,矿机北路,https://bj.lianjia.com/ershoufang/101134198356.html
bj,全市,富力惠兰美居 2室1厅 南,180,"26,487元/平",2室1厅,67.96平米,南,精装,中楼层(共28层),2015年,富力惠兰美居,https://bj.lianjia.com/ershoufang/101134196746.html
bj,全市,次新小区 采光好 高楼层 城铁800米,120,"13,712元/平",2室1厅,87.52平米,南,精装,中楼层(共20层),板楼,中国铁建原香漫谷四区,https://bj.lianjia.com/ershoufang/101131140246.html
bj,全市,地铁六号线+地铁M101+精装南北通透小三居室+,259,"29,062元/平",3室1厅,89.12平米,东 南 北,简装,顶层(共13层),板楼,金地格林格林,https://bj.lianjia.com/ershoufang/101131790816.html
bj,全市,典雅庄园 1室0厅 南,109,"23,820元/平",1室0厅,45.76平米,南,其他,中楼层(共10层),2004年,典雅庄园,https://bj.lianjia.com/ershoufang/101134140669.html
bj,全市,腾龙家园一层篱笆三居室 水墨林溪3室2厅适合老人,188,"15,708元/平",3室2厅,119.69平米,南 北,简装,6层,2007年,腾龙家园一区,https://bj.lianjia.com/ershoufang/101121029056.html
bj,全市,孙河乡，康营家园四期C区一居室,155,"26,442元/平",1室1厅,58.62平米,南,简装,低楼层(共21层),2022年,康营家园四期C区,https://bj.lianjia.com/ershoufang/101134370129.html
bj,全市,良乡恒大滨河左岸北区南向两居精装近地铁生活便利,146,"17,899元/平",2室1厅,81.57平米,南,精装,底层(共9层),2018年,恒大滨河左岸北区,https://bj.lianjia.com/ershoufang/101134254866.html
bj,全市,筑华年+南北通透两居+拎包入住+高层观景业主靠谱出,568,"66,009元/平",2室2厅,86.05平米,南 北,精装,中楼层(共28层),2012年,筑华年,https://bj.lianjia.com/ershoufang/101133066989.html
bj,全市,四环边 精装修 南北通透 总高六层的板楼 两居室,198,"35,491元/平",2室1厅,55.79平米,南 北,其他,中楼层(共6层),1993年,南五里店45号院,https://bj.lianjia.com/ershoufang/101131220445.html
bj,全市,水碓子东路中高楼层，双朝南两居室,279,"50,226元/平",2室1厅,55.55平米,南,简装,高楼层(共6层),1985年,水碓子东路,https://bj.lianjia.com/ershoufang/101129427615.html
bj,全市,双榆树北里 中间楼层精装两居 采光无遮挡,519,"95,581元/平",2室1厅,54.3平米,南 北,精装,中楼层(共6层),板楼,双榆树北里,https://bj.lianjia.com/ershoufang/101129967754.html
bj,全市,京贸国际公寓双朝阳电梯两居室中间层观景花园临近地铁,234,"23,961元/平",2室1厅,97.66平米,西南,精装,中楼层(共24层),2002年,京贸国际公寓,https://bj.lianjia.com/ershoufang/101130975925.html
bj,全市,西辛南区 南北通透 采光好 视野好,105,"21,610元/平",1室1厅,48.59平米,南 北,简装,6层,1994年,西辛南区,https://bj.lianjia.com/ershoufang/101131297210.html
bj,全市,太平路40号院 2室1厅 南 北,430,"76,924元/平",2室1厅,55.9平米,南 北,简装,低楼层(共6层),板楼,太平路40号院,https://bj.lianjia.com/ershoufang/101131927587.html
sh,全市,内环内+朝南一房一厅+铁岭一路之隔+陪读优选,171,"44,930元/平",1室1厅,38.06平米,南,精装,低楼层(共5层),1972年,鞍山路215弄,https://sh.lianjia.com/ershoufang/107113970786.html
sh,全市,双南两房，近地铁，近同济大学，生活便利,318,"52,089元/平",2室1厅,61.05平米,南,精装,高楼层(共6层),1995年,公交新村,https://sh.lianjia.com/ershoufang/107111311263.html
sh,全市,满五*南北通两房，中间楼层+双轨交万达商圈,248,"32,966元/平",2室2厅,75.23平米,南,精装,中楼层(共5层),2005年,水岸秀苑,https://sh.lianjia.com/ershoufang/107113994224.html
sh,全市,保养新，采光好，中间层。业主诚意出售。,246.6,"31,636元/平",2室1厅,77.95平米,南 北,精装,低楼层(共27层),2014年,万科城,https://sh.lianjia.com/ershoufang/107113686253.html
sh,全市,装修还不错，随时可看，总价低，楼层好,30,"7,390元/平",1室1厅,40.6平米,南,简装,低楼层(共3层),1976年,老卫清路604弄,https://sh.lianjia.com/ershoufang/107114415342.html
sh,全市,楼层好，天街旁，上大附属，毛坯易改动,95,"13,407元/平",2室1厅,70.86平米,南,毛坯,高楼层(共18层),2013年,南行旺苑,https://sh.lianjia.com/ershoufang/107114132666.html
sh,全市,满五。通风采光好户型方正。安静配套齐全。交通便利,228,"39,660元/平",2室1厅,57.49平米,南,简装,高楼层(共6层),1992年,工农三村,https://sh.lianjia.com/ershoufang/107114371018.html
sh,全市,边套户型，看房方便，采光视野好，楼层好,112,"15,218元/平",2室2厅,73.6平米,南,精装,低楼层(共24层),2015年,星怡苑慈竹路176弄,https://sh.lianjia.com/ershoufang/107114473472.html
sh,全市,双南边户|厨房12.3平|价格可谈|看房有钥匙,259,"43,537元/平",2室1厅,59.49平米,南,精装,中楼层(共5层),1980年,上钢四村,https://sh.lianjia.com/ershoufang/107114125364.html
sh,全市,区域总代言，干挂石材外立面，人车分流小区，环境好,376,"34,136元/平",3室2厅,110.15平米,南 北,精装,18层,2014年,保利星海屿筑一期,https://sh.lianjia.com/ershoufang/107114352766.html
sh,全市,此房一楼入户，喜欢一楼的人低总价,101,"26,891元/平",1室1厅,37.56平米,南,简装,低楼层(共6层),1978年,民主街24弄,https://sh.lianjia.com/ershoufang/107112795122.html
sh,全市,中高层双南边套，前看河景右看佘山，就两个字必卖,155,"21,289元/平",2室1厅,72.81平米,南,简装,高楼层(共15层),2012年,新凯城钟秀苑,https://sh.lianjia.com/ershoufang/107114421588.html
sh,全市,凰金楼层 全南户型 采光充足 配套齐全 交通便利,135,"24,862元/平",2室1厅,54.3平米,南,简装,中楼层(共5层),1988年,东南三村,https://sh.lianjia.com/ershoufang/107112891033.html
sh,全市,星纳家园优选：地铁口+双南正户型配景观楼层,228,"30,592元/平",2室1厅,74.53平米,南,精装,16层,2011年,星纳家园,https://sh.lianjia.com/ershoufang/107113913812.html
sh,全市,⭐⭐⭐精装全明，位置好，非顶楼，总价低，单价低,228,"37,110元/平",2室1厅,61.44平米,东南 南,精装,高楼层(共6层),1994年,由由二村,https://sh.lianjia.com/ershoufang/107113585113.html
sh,全市,老静安，地铁口电梯高区景观全南两房,588,"70,470元/平",2室2厅,83.44平米,南,精装,33层,1996年,东安公寓,https://sh.lianjia.com/ershoufang/107114402185.html
sh,全市,电梯两房   8号线地铁500米左右,360,"60,863元/平",2室1厅,59.15平米,南,简装,中楼层(共7层),1995年,通阁小区,https://sh.lianjia.com/ershoufang/107114428485.html
sh,全市,此房自住装修，采光好，三开间朝南,329,"24,836元/平",3室2厅,132.47平米,南 北,精装,高楼层(共18层),2015年,马陆金沙湾,https://sh.lianjia.com/ershoufang/107114418499.html
sh,全市,中间楼层，满五年为一，近丰庄站,159,"27,905元/平",1室1厅,56.98平米,南,简装,中楼层(共6层),1994年,金丰新村,https://sh.lianjia.com/ershoufang/107111441935.html
sh,全市,飞机户型，采光佳，近远香湖，诚意出售,455,"38,242元/平",3室2厅,118.98平米,南 北,精装,低楼层(共14层),2018年,上实海上公元,https://sh.lianjia.com/ershoufang/107114387574.html
sh,全市,此房二手买进，税费少，高楼层，通风采光好,128,"18,986元/平",2室1厅,67.42平米,南,精装,高楼层(共8层),2018年,佘北家园竹青苑,https://sh.lianjia.com/ershoufang/107112949012.html
sh,全市,满五税费少 位置好    前后无遮挡很安静    出行便利,728,"54,565元/平",3室2厅,133.42平米,南,精装,中楼层(共14层),2005年,绿水家园,https://sh.lianjia.com/ershoufang/107113487440.html
sh,全市,"税费各付 高区前排景观房 精装修 有钥匙 地铁7,15号线",568,"44,532元/平",4室2厅,127.55平米,东,精装,21层,2013年,保利叶语(二期)(公寓),https://sh.lianjia.com/ershoufang/107114393894.html
sh,全市,电梯房，户型方正，前后无遮挡，业主诚意出售,72,"14,264元/平",1室1厅,50.48平米,南 北,毛坯,中楼层(共14层),2012年,绿地长兴新苑北苑,https://sh.lianjia.com/ershoufang/107114423360.html
sh,全市,电梯房里好价格 +大三房 + 位置好+业主诚心出售,210,"20,631元/平",3室2厅,101.79平米,南,毛坯,低楼层(共11层),2006年,东升家园(三期),https://sh.lianjia.com/ershoufang/107114096111.html
sh,全市,双南户型，低楼层爬楼轻松，看房方便,278,"40,349元/平",2室1厅,68.9平米,南,简装,低楼层(共6层),1995年,龙柏四村三小区,https://sh.lianjia.com/ershoufang/107113090296.html
sh,全市,港商打造品质电梯房小区，小区中间位置看泳池景观,539,"46,534元/平",3室2厅,115.83平米,南,简装,中楼层(共12层),2003年,嘉富丽苑,https://sh.lianjia.com/ershoufang/107112430288.html
sh,全市,精装别墅有电梯 三复四+阁楼露台南面采光好,499,"43,876元/平",3室2厅,113.73平米,南,精装,低楼层(共3层),2018年,保利建工西郊锦庐,https://sh.lianjia.com/ershoufang/107114427161.html
sh,全市,低楼层，南花园，近商场，近地铁！,68,"18,464元/平",1室1厅,36.83平米,南,简装,低楼层(共5层),板楼,解放新村,https://sh.lianjia.com/ershoufang/107114428383.html
sh,全市,美兰湖7号线 方正户型，好楼层采光通风好，环境好,138,"19,317元/平",2室1厅,71.44平米,南,简装,中楼层(共18层),2015年,佳欣苑,https://sh.lianjia.com/ershoufang/107114229090.html
sh,全市,三号线地铁口，全明户型，不讲虚的，198一口价,198,"32,913元/平",2室1厅,60.16平米,南 北,简装,中楼层(共6层),1997年,高境二村,https://sh.lianjia.com/ershoufang/107113758444.html
sh,全市,近地铁，中间楼层，双楠两房户型正气，采光好视野开阔,136,"30,728元/平",2室0厅,44.26平米,南,精装,中楼层(共5层),1981年,海滨二村(宝山),https://sh.lianjia.com/ershoufang/107114198183.html
sh,全市,8号10号线双地铁租售比3以上，楼上大空间，南向阳光好,139,"43,008元/平",1室0厅,32.32平米,南,简装,高楼层(共5层),1976年,大西小区,https://sh.lianjia.com/ershoufang/107114278992.html
sh,全市,张江南 11/16号线 业主看好房子置换急售 可谈,209,"28,363元/平",2室2厅,73.69平米,南,精装,中楼层(共6层),2006年,昱龙家园南区,https://sh.lianjia.com/ershoufang/107114167843.html
sh,全市,店总主推 7、15号线 双规交通 采光通风好 华山医院,205,"27,711元/平",2室1厅,73.98平米,南 北,简装,低楼层(共8层),2008年,古北菊翔苑(菊联路233弄),https://sh.lianjia.com/ershoufang/107114372724.html
sh,全市,此房满五，电梯房，双南，近地铁，房东诚意卖,248,"49,246元/平",1室1厅,50.36平米,南,简装,高楼层(共6层),1997年,绿园一村,https://sh.lianjia.com/ershoufang/107114129682.html
sh,全市,带10平米小院+总价低+满二买进价格高税费少+诚意卖！,100,"32,207元/平",1室1厅,31.05平米,南,简装,低楼层(共6层),1997年,恒嘉花园,https://sh.lianjia.com/ershoufang/107114346023.html
sh,全市,中环内新出大二房.10年的次新小区 ，您值得拥有,625,"60,463元/平",2室2厅,103.37平米,南,精装,高楼层(共11层),2010年,东旺名苑,https://sh.lianjia.com/ershoufang/107112442655.html
sh,全市,南北通 精装修 电梯好楼层 诚意出售 商圈聚焦,175,"18,251元/平",2室2厅,95.89平米,南 北,精装,中楼层(共11层),2007年,古佳苑,https://sh.lianjia.com/ershoufang/107114121420.html
sh,全市,育秀双试验+非顶楼+配套齐全+近如意家园,135,"14,841元/平",2室2厅,90.97平米,南,简装,高楼层(共6层),2000年,江海花园,https://sh.lianjia.com/ershoufang/107113097605.html
sh,全市,电梯房 愚园一 次顶楼 采光视野好 江苏路地铁,229,"79,819元/平",1室1厅,28.69平米,南,精装,6层,1994年,南辉小区,https://sh.lianjia.com/ershoufang/107114390206.html
sh,全市,满五税费少+中间楼层+视野开阔+诚心出售,139,"30,120元/平",1室1厅,46.15平米,南,简装,中楼层(共6层),1995年,绿星小区,https://sh.lianjia.com/ershoufang/107114465562.html
sh,全市,新上方正双南双阳台两房，精装修可拎包入住，诚意出售,206,"29,804元/平",2室1厅,69.12平米,南,精装,高楼层(共6层),1995年,航华二村驰骋小区,https://sh.lianjia.com/ershoufang/107114359906.html
sh,全市,05年商品房小区50万精装带地暖 楼下车库四季不潮,850,"66,195元/平",3室2厅,128.41平米,南,精装,低楼层(共10层),2005年,罗山怡景苑,https://sh.lianjia.com/ershoufang/107112518976.html
sh,全市,本房子南北通风  两房一厅四面窗户,126.8,"24,771元/平",2室1厅,51.19平米,南,简装,高楼层(共6层),1997年,宝山三村,https://sh.lianjia.com/ershoufang/107114368526.html
sh,全市,真正的地铁口噢，大两房，需要地铁的可以看看,183,"21,280元/平",2室1厅,86平米,南 北,简装,低楼层(共6层),2005年,兴东佳苑(一期),https://sh.lianjia.com/ershoufang/107113662398.html
sh,全市,近地铁双轨交塘和家园德悦苑优质三房,178,"22,684元/平",3室1厅,78.47平米,南,简装,低楼层(共18层),2015年,塘和家园德悦苑,https://sh.lianjia.com/ershoufang/107113776396.html
sh,全市,双轨交 双南双阳台 中楼层 精装 看房方便,335,"64,103元/平",2室1厅,52.26平米,南,精装,中楼层(共6层),1990年,新风小区,https://sh.lianjia.com/ershoufang/107114240283.html
sh,全市,前排高区，视野无遮挡，诚意出售,430,"43,932元/平",3室2厅,97.88平米,南,精装,中楼层(共25层),2018年,保利熙悦,https://sh.lianjia.com/ershoufang/107113422440.html
sh,全市,地铁200米，新装修，配套齐全，看中价格可谈,230,"22,934元/平",3室2厅,100.29平米,南,精装,高楼层(共6层),2005年,民乐佳苑二区,https://sh.lianjia.com/ershoufang/107114283112.html
sh,全市,一楼带院子，双南户型，位置安静，采光充足,448,"70,529元/平",2室1厅,63.52平米,南,简装,低楼层(共6层),1995年,桂林苑,https://sh.lianjia.com/ershoufang/107114465630.html
sh,全市,大宁次新楼盘 精装修交付 人车分流 两梯两户 采光很好,1046,"90,965元/平",3室2厅,114.99平米,南 北,精装,中楼层(共17层),2016年,象屿大宁悦府,https://sh.lianjia.com/ershoufang/107114059773.html
sh,全市,新上带院子，99年小区，诚意出售,356,"52,640元/平",2室1厅,67.63平米,南,简装,低楼层(共6层),1999年,定威小区,https://sh.lianjia.com/ershoufang/107113915217.html
sh,全市,东边套带天井，8号线地铁口，无抵押，小区中间位置,235,"47,494元/平",2室1厅,49.48平米,南 北,简装,低楼层(共6层),1983年,兰花新村,https://sh.lianjia.com/ershoufang/107114143194.html
sh,全市,一口价推广，6/9双轨，金桥公园旁，全屋整装，商品房,288,"44,867元/平",2室1厅,64.19平米,南,精装,高楼层(共6层),1997年,金鹏苑,https://sh.lianjia.com/ershoufang/107114165042.html
sh,全市,华师大系，地铁次新三房，业主急售。,200,"21,858元/平",3室1厅,91.5平米,南 北,精装,低楼层(共8层),2020年,海上风华,https://sh.lianjia.com/ershoufang/107113758133.html
sh,全市,南北采光充足交通便利满五only诚心,349,"72,891元/平",2室1厅,47.88平米,南,简装,高楼层(共7层),1989年,乐山二村,https://sh.lianjia.com/ershoufang/107114359947.html
sh,全市,带充电桩 位置好，满五年，税费少 南北通，上傅雷,209,"26,813元/平",2室2厅,77.95平米,南 北,精装,低楼层(共14层),2010年,达城锦园,https://sh.lianjia.com/ershoufang/107114303049.html
sh,全市,近地铁22号线凌空站100米 全明 楼层佳 打一＋模范,208,"27,204元/平",2室1厅,76.46平米,南,简装,中楼层(共11层),2010年,舜峰家苑,https://sh.lianjia.com/ershoufang/107114187137.html
sh,全市,朝南单价低一房，采光好视野佳，近地铁，有钥匙随时看,285,"82,849元/平",1室0厅,34.4平米,南,精装,中楼层(共7层),1987年,斜晖小区,https://sh.lianjia.com/ershoufang/107114151418.html
sh,全市,小区花园位置带暖气有30平院子南北通得房率高诚意出售,565,"66,604元/平",3室2厅,84.83平米,南,精装,低楼层(共6层),2003年,栖山家园,https://sh.lianjia.com/ershoufang/107113505342.html
sh,全市,安静位置带院子+采光好+随时看房业主诚心出售！～,245,"42,923元/平",2室1厅,57.08平米,南,简装,低楼层(共6层),1994年,梅陇四村,https://sh.lianjia.com/ershoufang/107114231729.html
sh,全市,老静安+高区电梯房+南北通房型+近地铁+自住装修可拎包,329,"78,954元/平",1室1厅,41.67平米,南 北,精装,高楼层(共6层),1989年,向新新村,https://sh.lianjia.com/ershoufang/107114043306.html
sh,全市,鹤沙精选 电梯高层南北通 临河位置 低总价 有钥匙,151.8,"22,161元/平",2室1厅,68.5平米,南 北,简装,中楼层(共18层),2011年,昱星家园西区,https://sh.lianjia.com/ershoufang/107114418011.html
sh,全市,泥城硬核户型，低总价王炸产品，随时可看房,67.8,"9,601元/平",1室1厅,70.62平米,南,简装,低楼层(共12层),2008年,云帆花苑,https://sh.lianjia.com/ershoufang/107114279745.html
sh,全市,新上双南，精装修，正对小区花园，小区有地下车库！！,228,"32,661元/平",2室1厅,69.81平米,南,精装,低楼层(共34层),2011年,城市方园,https://sh.lianjia.com/ershoufang/107114404320.html
sh,全市,：近蓬莱公园，一梯三户，南北通，闹中取静,328,"76,618元/平",2室1厅,42.81平米,南,简装,中楼层(共5层),1978年,车站支路99弄,https://sh.lianjia.com/ershoufang/107114438834.html
sh,全市,中环旁电梯中间楼层次新房两房，位置好楼层好,260,"31,700元/平",2室1厅,82.02平米,南 北,毛坯,中楼层(共14层),2007年,紫晶苑,https://sh.lianjia.com/ershoufang/107112617683.html
sh,全市,同景苑一房带阁楼 自住可拎包 视野开阔 满五年,152,"27,627元/平",1室1厅,55.02平米,南,精装,高楼层(共6层),2006年,同景苑,https://sh.lianjia.com/ershoufang/107113389270.html
sh,全市,一口价房源！！全明3房+满5唯1+总价低+刚需房,125,"17,955元/平",3室1厅,69.62平米,南,简装,高楼层(共6层),1994年,万寿新村一、二区,https://sh.lianjia.com/ershoufang/107110205872.html
sh,全市,非顶楼，花园位置，无硬伤，产权清晰，接受议价,148,"43,775元/平",1室0厅,33.81平米,南,精装,高楼层(共6层),1982年,潍坊四村,https://sh.lianjia.com/ershoufang/107113894022.html
sh,全市,徐汇滨江次新小高层 江景房  安静宜居,775,"67,450元/平",3室2厅,114.9平米,南 北,精装,高楼层(共15层),2010年,华滨家园,https://sh.lianjia.com/ershoufang/107112678172.html
sh,全市,此房一楼入户，喜欢一楼的人低总价,101,"26,891元/平",1室1厅,37.56平米,南,简装,低楼层(共6层),1978年,民主街24弄,https://sh.lianjia.com/ershoufang/107112795122.html
sh,全市,飞机户型，采光佳，近远香湖，诚意出售,455,"38,242元/平",3室2厅,118.98平米,南 北,精装,低楼层(共14层),2018年,上实海上公元,https://sh.lianjia.com/ershoufang/107114387574.html
sh,全市,此房二手买进，税费少，高楼层，通风采光好,128,"18,986元/平",2室1厅,67.42平米,南,精装,高楼层(共8层),2018年,佘北家园竹青苑,https://sh.lianjia.com/ershoufang/107112949012.html
sh,全市,低楼层+钥匙房+1 诚意卖+位置好,69,"18,465元/平",1室1厅,37.37平米,南,简装,低楼层(共6层),1995年,巨龙台湾城,https://sh.lianjia.com/ershoufang/107114429030.html
sh,全市,全新装修-中调+地暖，省时省力省心，诚售，价格可谈,399,"43,187元/平",2室2厅,92.39平米,南,精装,高楼层(共6层),2007年,玉兰香苑(三期),https://sh.lianjia.com/ershoufang/107114000620.html
sh,全市,中间楼层，满五年为一，近丰庄站,159,"27,905元/平",1室1厅,56.98平米,南,简装,中楼层(共6层),1994年,金丰新村,https://sh.lianjia.com/ershoufang/107111441935.html
sh,全市,新上 满五V壹+精装修+南北通透+楼栋位于人车分流区域,790,"72,259元/平",2室2厅,109.33平米,南 北,精装,低楼层(共14层),2007年,合生江湾国际公寓,https://sh.lianjia.com/ershoufang/107114058608.html
sh,全市,高品质小区，精装自住，保养用心，可直接拎包入住。,260,"34,451元/平",2室2厅,75.47平米,南,精装,中楼层(共19层),2018年,信达蓝尊,https://sh.lianjia.com/ershoufang/107112360546.html
sh,全市,"13年次顶楼 全天日照8H, 视野很好！ 交通便利 近地铁",323,"38,462元/平",2室1厅,83.98平米,南,精装,高楼层(共10层),2013年,和祥佳园,https://sh.lianjia.com/ershoufang/107111751623.html
sh,全市,精装三房，总价低，有地铁。近公园配套齐全,159.9,"21,455元/平",3室1厅,74.53平米,南 北,精装,高楼层(共6层),1995年,凌桥二村,https://sh.lianjia.com/ershoufang/107114503258.html
sh,全市,2016年电梯房，一手动迁，税费少,190,"24,428元/平",2室2厅,77.78平米,南,毛坯,低楼层(共15层),2015年,华川家园,https://sh.lianjia.com/ershoufang/107112123232.html
sh,全市,新上两房 老静安 14号地铁口  品质小区  2梯4户,666,"71,567元/平",2室1厅,93.06平米,南 北,简装,低楼层(共19层),2001年,欣宏嘉园,https://sh.lianjia.com/ershoufang/107114454506.html
sh,全市,随时看房、低总价perfect户型、朝南中楼层,166,"41,625元/平",1室1厅,39.88平米,南,精装,中楼层(共6层),1994年,香楠小区,https://sh.lianjia.com/ershoufang/107114011153.html
sh,全市,商圈地铁医疗 齐全 南北大两房  走过路过不要错过,219,"28,222元/平",2室2厅,77.6平米,南 北,毛坯,低楼层(共21层),2015年,嘉海雅苑北区,https://sh.lianjia.com/ershoufang/107114091226.html
sh,全市,小一房，户型合理，南北格局，采光好，地铁600米,145,"28,321元/平",1室1厅,51.2平米,南,精装,高楼层(共6层),2005年,丰舍东苑,https://sh.lianjia.com/ershoufang/107114440367.html
sh,全市,新上精装两房  好户型  一梯两户  近地铁人民医院,155,"23,156元/平",2室1厅,66.94平米,南,精装,高楼层(共6层),1994年,绿海家园,https://sh.lianjia.com/ershoufang/107114429774.html
sh,全市,万科经典两房 景观好 视野佳 进出方便 适宜居住,288,"39,062元/平",2室2厅,73.73平米,南 北,精装,中楼层(共7层),1994年,万科城市花园,https://sh.lianjia.com/ershoufang/107114253812.html
sh,全市,高楼层一房陆家嘴三件套清晰可见 配套齐全 年轻人喜欢,120,"23,320元/平",1室1厅,51.46平米,南,简装,中楼层(共18层),2017年,瑞和雅苑壹街区,https://sh.lianjia.com/ershoufang/107114321910.html
sh,全市,店长强力推荐，低总价好房 业主诚意出售,43,"10,258元/平",1室1厅,41.92平米,南,简装,中楼层(共4层),1982年,北门二村,https://sh.lianjia.com/ershoufang/107114497848.html
sh,全市,精装一房+地铁6号线+配套齐全+楼层好,173,"43,853元/平",1室1厅,39.45平米,南,简装,中楼层(共6层),1989年,临沂八村,https://sh.lianjia.com/ershoufang/107114377328.html
sh,全市,阳台就可看到小区泳池 小区次顶楼 随时可看,858,"73,397元/平",3室2厅,116.9平米,南,精装,高楼层(共18层),2017年,华发四季,https://sh.lianjia.com/ershoufang/107113867964.html
sh,全市,三开间朝南户型，小区前排沿河，,95,"10,746元/平",2室1厅,88.41平米,南,简装,低楼层(共18层),2010年,绿地启航城,https://sh.lianjia.com/ershoufang/107112265654.html
sh,全市,北蔡之星，25万精装修刚刚结束，一梯两户，接受市场。,199,"31,563元/平",2室1厅,63.05平米,南 北,精装,高楼层(共6层),1996年,绿川小区西区,https://sh.lianjia.com/ershoufang/107114191603.html
sh,全市,精装修70万满五沿河景观楼层近地铁出行购物方便,635,"35,157元/平",3室2厅,180.62平米,南,精装,中楼层(共11层),2010年,绿中海明苑三期公寓,https://sh.lianjia.com/ershoufang/107114404786.html
sh,全市,房子只有契税，中间位置，视野开阔，可拎包入住,288,"35,351元/平",2室1厅,81.47平米,南 北,精装,高楼层(共18层),2013年,新城金郡1518弄,https://sh.lianjia.com/ershoufang/107114215209.html
sh,全市,近地铁09年电梯三房 双阳台落地窗视野开阔 看房随时,538,"39,253元/平",3室2厅,137.06平米,南,简装,中楼层(共12层),2009年,鼎鑫名流苑,https://sh.lianjia.com/ershoufang/107114396803.html
sh,全市,小区中间位置，楼层好，前后无遮挡，阳光充足,34.5,"7,963元/平",2室0厅,43.33平米,南 西,简装,中楼层(共6层),1981年,石化十村,https://sh.lianjia.com/ershoufang/107114317785.html
sh,全市,精装修，地铁口，诚意出售，看房随时，有钥匙，采光好,365,"44,437元/平",2室2厅,82.14平米,南 北,精装,高楼层(共6层),1997年,新长征花苑,https://sh.lianjia.com/ershoufang/107114412131.html
sh,全市,次新小区，一手动迁，户型方正，动迁 税费少,120,"21,572元/平",1室2厅,55.63平米,南,精装,低楼层(共18层),2017年,云翔佳苑南区,https://sh.lianjia.com/ershoufang/107110678162.html
sh,全市,14号线新出电梯南北两房 一梯三户 紧靠公园 看房方便,376,"44,561元/平",2室2厅,84.38平米,南 北,简装,高楼层(共11层),2012年,金葵新城(西区),https://sh.lianjia.com/ershoufang/107114457803.html
sh,全市,诚意出售，看房方便，低楼层，拎包入住,75,"15,887元/平",2室1厅,47.21平米,南 北,精装,中楼层(共5层),1979年,水仙小区,https://sh.lianjia.com/ershoufang/107114035599.html
sh,全市,五年不出一套爆款边套带大花园，高半层地铁口,628,"57,221元/平",3室2厅,109.75平米,南 西南,精装,低楼层(共7层),2001年,金沙雅苑(一期),https://sh.lianjia.com/ershoufang/107114497049.html
sh,全市,中间楼层，精装修，房型正气，业主诚意度拉满,269,"45,325元/平",2室1厅,59.35平米,南,精装,中楼层(共6层),1993年,六里二村,https://sh.lianjia.com/ershoufang/107114414668.html
sh,全市,中间位置新上高区朝南一房一厅，有钥匙随时看，非顶楼,650,"104,805元/平",1室1厅,62.02平米,南,精装,高楼层(共30层),2003年,上海壹街区,https://sh.lianjia.com/ershoufang/107113524049.html
sh,全市,全明户型 2室2厅 南北 江湾公园 环境优美,306,"34,487元/平",2室1厅,88.73平米,南,简装,中楼层(共6层),1996年,丰镇新村,https://sh.lianjia.com/ershoufang/107111597593.html
sh,全市,精装修双南小两房，低楼层进出方便，独特弧形阳台,193,"39,729元/平",2室1厅,48.58平米,南,简装,低楼层(共6层),1993年,济阳三村,https://sh.lianjia.com/ershoufang/107114384540.html
sh,全市,2016年电梯房，南北通透，业主诚售，看房方便,218,"26,901元/平",2室2厅,81.04平米,南 北,简装,低楼层(共15层),2015年,华川家园,https://sh.lianjia.com/ershoufang/107114477895.html
sh,全市,内环内+中间楼层+西边套全明户型+有钥匙随时好看房,260,"55,794元/平",2室0厅,46.6平米,南,简装,中楼层(共6层),1991年,恒业路313弄,https://sh.lianjia.com/ershoufang/107113568603.html
sh,全市,单价3万9+上车03年全明户型+8/20号双轨交,215,"39,904元/平",1室1厅,53.88平米,南,简装,低楼层(共17层),2003年,世和园,https://sh.lianjia.com/ershoufang/107113942356.html
sh,全市,桃浦四村 外环外随意买 精致装修 近地铁 楼层好,165,"28,278元/平",2室1厅,58.35平米,南,精装,低楼层(共6层),1993年,桃浦四村易居紫荆苑,https://sh.lianjia.com/ershoufang/107114465618.html
sh,全市,店长推荐！！总价低 电梯房楼龄新 停车方便 刚需宜居,79,"13,983元/平",1室1厅,56.5平米,南,毛坯,低楼层(共18层),2016年,崧泽华城昱翠雅苑,https://sh.lianjia.com/ershoufang/107114470545.html
sh,全市,高品质装修用材，双阳台，少有2卫户型,1500,"122,881元/平",2室2厅,122.07平米,南,精装,32层,2017年,地产尚海郦景,https://sh.lianjia.com/ershoufang/107114023792.html
sh,全市,经典大两房，花园位置，停车方便，车位充足，非顶楼.,478,"55,601元/平",2室2厅,85.97平米,南 北,精装,高楼层(共6层),2006年,爱法新城,https://sh.lianjia.com/ershoufang/107113889391.html
sh,全市,内环内  中间楼层  朝南一室户  产权清晰,135,"35,649元/平",1室1厅,37.87平米,南,简装,中楼层(共7层),1990年,龚家宅,https://sh.lianjia.com/ershoufang/107114202915.html
sh,全市,业主诚意，视野开阔，楼层好，采光好,98,"17,139元/平",1室2厅,57.18平米,南,简装,中楼层(共18层),2011年,龙泽园东区,https://sh.lianjia.com/ershoufang/107113511730.html
sh,全市,精装修一楼带院子，低总价低首付，独门独户带天井,88.9,"18,387元/平",2室1厅,48.35平米,南,精装,低楼层(共5层),1984年,解放新村,https://sh.lianjia.com/ershoufang/107114325639.html
sh,全市,新出好房，中高层电梯房，采光好，万达旁，价格可谈,169.9,"22,291元/平",2室1厅,76.22平米,南,毛坯,中楼层(共18层),2014年,马桥景城馨苑,https://sh.lianjia.com/ershoufang/107114428471.html
sh,全市,新上边套两房，进财，精装小户型，地铁双轨交16+18,138,"19,266元/平",2室1厅,71.63平米,南,精装,低楼层(共14层),2014年,汇德茗苑,https://sh.lianjia.com/ershoufang/107114448367.html
sh,全市,⭐⭐⭐精装全明，位置好，非顶楼，总价低，单价低,228,"37,110元/平",2室1厅,61.44平米,东南 南,精装,高楼层(共6层),1994年,由由二村,https://sh.lianjia.com/ershoufang/107113585113.html
sh,全市,中高层双南边套，前看河景右看佘山，就两个字必卖,155,"21,289元/平",2室1厅,72.81平米,南,简装,高楼层(共15层),2012年,新凯城钟秀苑,https://sh.lianjia.com/ershoufang/107114421588.html
sh,全市,星纳家园优选：地铁口+双南正户型配景观楼层,228,"30,592元/平",2室1厅,74.53平米,南,精装,16层,2011年,星纳家园,https://sh.lianjia.com/ershoufang/107113913812.html
sh,全市,老静安，地铁口电梯高区景观全南两房,588,"70,470元/平",2室2厅,83.44平米,南,精装,33层,1996年,东安公寓,https://sh.lianjia.com/ershoufang/107114402185.html
sh,全市,电梯两房   8号线地铁500米左右,360,"60,863元/平",2室1厅,59.15平米,南,简装,中楼层(共7层),1995年,通阁小区,https://sh.lianjia.com/ershoufang/107114428485.html
sh,全市,一手动迁房税费低总价低首付户型方正,77,"13,181元/平",1室1厅,58.42平米,南,毛坯,高楼层(共14层),2013年,长兴家园北苑,https://sh.lianjia.com/ershoufang/107113433492.html
sh,全市,此房自住装修，采光好，三开间朝南,329,"24,836元/平",3室2厅,132.47平米,南 北,精装,高楼层(共18层),2015年,马陆金沙湾,https://sh.lianjia.com/ershoufang/107114418499.html
sh,全市,低楼层+钥匙房+1 诚意卖+位置好,69,"18,465元/平",1室1厅,37.37平米,南,简装,低楼层(共6层),1995年,巨龙台湾城,https://sh.lianjia.com/ershoufang/107114429030.html
sh,全市,精装修一室户，全明户型，近地铁，带小院。,199,"40,721元/平",1室1厅,48.87平米,南,精装,低楼层(共4层),1987年,锦程小区,https://sh.lianjia.com/ershoufang/107114386133.html
sh,全市,16周浦东！汇福家园！南北通两房！高楼层!,188,"24,302元/平",2室2厅,77.36平米,南,毛坯,高楼层(共16层),2014年,汇福家园昌盛里南,https://sh.lianjia.com/ershoufang/107112086691.html
sh,全市,前滩+6号线（500米）+大润发,328,"47,800元/平",2室1厅,68.62平米,南 北,简装,中楼层(共6层),1994年,凌兆新村(上浦路165弄),https://sh.lianjia.com/ershoufang/107114371297.html
sh,全市,南北 边套两房，通风舒适，阳光满溢，上师大，高区！,127,"16,531元/平",2室2厅,76.83平米,南 北,精装,高楼层(共18层),2019年,嘉盛园慈竹路987弄,https://sh.lianjia.com/ershoufang/107113843960.html
sh,全市,南北户型格局好，楼层高，采光充足，总价低,99.9,"13,941元/平",2室1厅,71.66平米,南 北,精装,中楼层(共18层),2019年,练祁佳城绿地家苑,https://sh.lianjia.com/ershoufang/107114410800.html
sh,全市,松南城必看装修房，单价低，视野开阔,99,"13,001元/平",2室1厅,76.15平米,北 南,简装,低楼层(共15层),2020年,松南城蔷薇苑,https://sh.lianjia.com/ershoufang/107112723144.html
sh,全市,静安寺商圈，百年愚园路，中区楼层，看房随时有钥匙,319,"73,860元/平",1室1厅,43.19平米,南,精装,中楼层(共6层),1983年,愚园路488弄,https://sh.lianjia.com/ershoufang/107113886256.html
sh,全市,双轨交+地铁口700米商品房，精装修、视野好，配套齐全,210,"29,265元/平",2室2厅,71.76平米,南 北,简装,中楼层(共6层),2005年,富友嘉园,https://sh.lianjia.com/ershoufang/107114342544.html
sh,全市,双轨交 精装修 业主置换 楼层高视野好,179,"25,984元/平",2室1厅,68.89平米,南,精装,中楼层(共18层),2014年,紫薇茗庭,https://sh.lianjia.com/ershoufang/107114453754.html
sh,全市,（店长推荐）急急急，人车人流 289万 带车位,288,"31,680元/平",3室2厅,90.91平米,南 北,精装,中楼层(共11层),2020年,中粮首创禧瑞祥云,https://sh.lianjia.com/ershoufang/107113509662.html
sh,全市,芙蓉苑小厨房户型，楼层好位置佳，业主诚心出售,130,"16,840元/平",2室1厅,77.2平米,南 北,毛坯,中楼层(共14层),2020年,松南城芙蓉苑,https://sh.lianjia.com/ershoufang/107113467378.html
sh,全市,8级抗震！百年品质！消防领导监工！视野巨赞！随时看,248,"32,870元/平",2室1厅,75.45平米,南,简装,中楼层(共16层),1997年,国和大楼,https://sh.lianjia.com/ershoufang/107112514509.html
sh,全市,楼层好，视野宽阔，30万+婚房装，看的见的全留,150,"18,367元/平",3室2厅,81.67平米,南,精装,中楼层(共6层),1997年,江海花园,https://sh.lianjia.com/ershoufang/107114178388.html
sh,全市,满五年税费少 总价低 近地铁 全明户型,159,"31,529元/平",1室1厅,50.43平米,南,精装,高楼层(共6层),1993年,金杨新村九街坊,https://sh.lianjia.com/ershoufang/107110555207.html
sh,全市,海滨新村两房 低楼层  低单总价  近地铁,98,"22,122元/平",2室0厅,44.3平米,南,简装,中楼层(共4层),1959年,海滨新村,https://sh.lianjia.com/ershoufang/107114462050.html
sh,全市,8号10号线双地铁租售比3以上，楼上大空间，南向阳光好,139,"43,008元/平",1室0厅,32.32平米,南,简装,高楼层(共5层),1976年,大西小区,https://sh.lianjia.com/ershoufang/107114278992.html
sh,全市,店总主推 7、15号线 双规交通 采光通风好 华山医院,205,"27,711元/平",2室1厅,73.98平米,南 北,简装,低楼层(共8层),2008年,古北菊翔苑(菊联路233弄),https://sh.lianjia.com/ershoufang/107114372724.html
sh,全市,降价出售，电梯中间楼层，景观位置精装修！车位可租,240,"22,719元/平",2室1厅,105.64平米,南,精装,中楼层(共14层),2009年,人生港湾南欧城,https://sh.lianjia.com/ershoufang/107110648110.html
sh,全市,近地铁，中间楼层，双楠两房户型正气，采光好视野开阔,136,"30,728元/平",2室0厅,44.26平米,南,精装,中楼层(共5层),1981年,海滨二村(宝山),https://sh.lianjia.com/ershoufang/107114198183.html
sh,全市,带10平米小院+总价低+满二买进价格高税费少+诚意卖！,100,"32,207元/平",1室1厅,31.05平米,南,简装,低楼层(共6层),1997年,恒嘉花园,https://sh.lianjia.com/ershoufang/107114346023.html
sh,全市,张江南 11/16号线 业主看好房子置换急售 可谈,209,"28,363元/平",2室2厅,73.69平米,南,精装,中楼层(共6层),2006年,昱龙家园南区,https://sh.lianjia.com/ershoufang/107114167843.html
sh,全市,三号线地铁口，全明户型，不讲虚的，198一口价,198,"32,913元/平",2室1厅,60.16平米,南 北,简装,中楼层(共6层),1997年,高境二村,https://sh.lianjia.com/ershoufang/107113758444.html
gz,全市,市桥芯、小两房、可公积金、配套成熟~,50,"10,331元/平",2室1厅,48.4平米,南,其他,高楼层(共6层),塔楼,海傍路海傍后街,https://gz.lianjia.com/ershoufang/108407965653.html
gz,全市,旺中带静，一线望河，少有的户型，近花都湖氧吧,160,"11,404元/平",3室2厅,140.31平米,西南,精装,中楼层(共23层),塔楼,在水一方,https://gz.lianjia.com/ershoufang/108407601081.html
gz,全市,增城雅居乐御宾府4房南向，精装修 喜欢来看看,180,"12,613元/平",4室2厅,142.71平米,南,精装,高楼层(共16层),2013年,增城雅居乐御宾府,https://gz.lianjia.com/ershoufang/108407308599.html
gz,全市,叠翠峰三期中高层南向望小区花园和望湖景保养好,225,"21,554元/平",3室2厅,104.39平米,东南,精装,中楼层(共26层),2018年,叠翠峰,https://gz.lianjia.com/ershoufang/108407754339.html
gz,全市,源昌花园  两房  双阳台  户型好  总jia低,53,"9,325元/平",2室2厅,56.84平米,东南,其他,低楼层(共24层),塔楼,珠江源昌花园,https://gz.lianjia.com/ershoufang/108407931336.html
gz,全市,校园环境专梯专户，平层电梯高使用率 南北对流采光好,298,"36,382元/平",3室2厅,81.91平米,南,简装,高楼层(共9层),2000年,广东外语职业艺术学院五山校区,https://gz.lianjia.com/ershoufang/108406797142.html
gz,全市,天河次新楼 小区环境好 双地铁 采光好 保养好,148,"30,719元/平",1室1厅,48.18平米,西,精装,低楼层(共19层),2017年,远洋天骄,https://gz.lianjia.com/ershoufang/108406938078.html
gz,全市,实地蔷薇国际.户型方正.靠山景.采光好.,68,"7,937元/平",3室2厅,85.68平米,北,精装,中楼层(共32层),塔楼,实地蔷薇国际,https://gz.lianjia.com/ershoufang/108406321603.html
gz,全市,新塘新世界花园嘉华苑 3室2厅 东南 南,150,"15,296元/平",3室2厅,98.07平米,东南 南,精装,低楼层(共7层),塔楼,新塘新世界花园嘉华苑,https://gz.lianjia.com/ershoufang/108407521001.html
gz,全市,南向高楼层视野好，自住保养好，诚心好谈。,198,"20,190元/平",3室2厅,98.07平米,南,精装,31层,板塔结合,龙湖双珑原著,https://gz.lianjia.com/ershoufang/108407617108.html
gz,全市,正南向安静三房、视野开阔、楼层好,350,"35,617元/平",3室2厅,98.27平米,南,精装,中楼层(共15层),2005年,岭南新世界,https://gz.lianjia.com/ershoufang/108405226569.html
gz,全市,此房满五年唯一  中层电梯两房,168,"25,397元/平",2室1厅,66.15平米,西,简装,中楼层(共22层),2000年,金碧花园第一金碧,https://gz.lianjia.com/ershoufang/108407687438.html
gz,全市,两梯四户 靓楼层 低密度 安静舒适 业主诚心急出,135,"11,862元/平",3室1厅,113.81平米,东南 南,毛坯,低楼层(共25层),2016年,中新里,https://gz.lianjia.com/ershoufang/108408040124.html
gz,全市,江南西商圈 近地铁 实用 户型方正 实用,80,"24,228元/平",1室1厅,33.02平米,北,简装,低楼层(共6层),1991年,江南大道中,https://gz.lianjia.com/ershoufang/108406321088.html
gz,全市,金山谷尚层，精装大三房，高层视野好，有家电,258,"23,364元/平",3室2厅,110.43平米,北,其他,中楼层(共32层),2015年,金山谷尚层,https://gz.lianjia.com/ershoufang/108407122986.html
gz,全市,南北对流 全新精装 视野采光好带车位,81,"6,548元/平",3室2厅,123.72平米,南 北,精装,低楼层(共32层),2018年,碧桂园豪进左岸,https://gz.lianjia.com/ershoufang/108404815111.html
gz,全市,大三房，户型方正，装修好，采光好，离地铁近,87.9,"8,953元/平",3室2厅,98.18平米,南,精装,中楼层(共19层),2015年,金马香颂居,https://gz.lianjia.com/ershoufang/108407511195.html
gz,全市,全新3两房 户型方正 没按揭  手续简便,58,"7,376元/平",2室1厅,78.64平米,北 西,其他,低楼层(共11层),2013年,富力金港城东区,https://gz.lianjia.com/ershoufang/108407950962.html
gz,全市,江高 南国家园 步梯小区 装修保养好 业主急出手,58,"7,792元/平",3室2厅,74.44平米,南,简装,中楼层(共8层),塔楼,南国家园,https://gz.lianjia.com/ershoufang/108408022650.html
gz,全市,南向，看花园，安静，全屋定制，装修漂亮,66,"8,457元/平",2室2厅,78.05平米,南,精装,低楼层(共19层),2014年,金马香颂居,https://gz.lianjia.com/ershoufang/108407035458.html
gz,全市,大三房   精装   中楼层  业主诚心出,158,"13,167元/平",3室1厅,120平米,西南,精装,中楼层(共31层),2013年,创鸿嘉园,https://gz.lianjia.com/ershoufang/108407879290.html
gz,全市,国际四期，刚需两房户型方正，楼层靓。,78,"9,602元/平",2室1厅,81.24平米,东北,简装,中楼层(共32层),2015年,锦绣御景国际四期,https://gz.lianjia.com/ershoufang/108408014769.html
gz,全市,广州北站地铁口，靓楼层，实用三房,65,"7,627元/平",3室1厅,85.23平米,南,精装,中楼层(共8层),塔楼,中新花园,https://gz.lianjia.com/ershoufang/108404906432.html
gz,全市,逸泉映翠 实用三房2厅 东南向,52,"5,240元/平",3室2厅,99.24平米,东南,毛坯,低楼层(共23层),2015年,逸泉映翠,https://gz.lianjia.com/ershoufang/108404522135.html
gz,全市,大城云山 南向 好楼层 一线园景无遮挡,85,"6,991元/平",3室2厅,121.6平米,南,精装,低楼层(共22层),2018年,大城云山,https://gz.lianjia.com/ershoufang/108407042136.html
gz,全市,小北 ，越秀公园旁，东南靓向，方正3房,300,"45,538元/平",3室2厅,65.88平米,南,毛坯,低楼层(共9层),2000年,小北路,https://gz.lianjia.com/ershoufang/108407008193.html
gz,全市,江泰路地铁50米 电梯加装中，2+1房户型，独立使用天台,169,"26,288元/平",2室1厅,64.29平米,南,简装,高楼层(共9层),1994年,翠怡小区,https://gz.lianjia.com/ershoufang/108406972889.html
gz,全市,复式三房带露台立体空间+空中花园演绎野级居家体验,105,"6,943元/平",3室2厅,151.25平米,南,精装,高楼层(共4层),板楼,碧桂园荔山雅筑,https://gz.lianjia.com/ershoufang/108407186533.html
gz,全市,户型方正 空间开阔 交通便利 配套完善,25,"5,768元/平",1室0厅,43.35平米,北,精装,中楼层(共18层),2013年,南沙城,https://gz.lianjia.com/ershoufang/108406101044.html
gz,全市,区府鸿都苑 稀有叠墅 3层毛坯带大露台 十年不遇一套,239,"9,357元/平",6室2厅,255.43平米,南 北,毛坯,高楼层(共4层),2006年,鸿都苑,https://gz.lianjia.com/ershoufang/108408004194.html
gz,全市,精装两房 拎包入住 环境优美 居住舒适,59,"7,130元/平",2室1厅,82.76平米,东南,精装,中楼层(共17层),2014年,人盛巴厘天地,https://gz.lianjia.com/ershoufang/108407467482.html
gz,全市,龙光中低楼层三房，阳台视野开阔，位置安静,140,"15,626元/平",3室1厅,89.6平米,北,精装,18层,2009年,龙光峰景华庭,https://gz.lianjia.com/ershoufang/108407442821.html
gz,全市,二期大三房 中间位置 中间楼层  视野开阔,180,"16,854元/平",3室2厅,106.8平米,北,简装,中楼层(共7层),2000年,广州碧桂园康苑,https://gz.lianjia.com/ershoufang/108407626517.html
gz,全市,01楼龄 准电梯 偗及星悦 广纸小区 地铁上配套成熟,135,"18,665元/平",2室2厅,72.33平米,东 东北,简装,高楼层(共9层),2001年,广纸路,https://gz.lianjia.com/ershoufang/108407759269.html
gz,全市,桃园D区 南北对流 三房两卫 随时可以看房,330,"27,680元/平",3室2厅,119.22平米,北 南,精装,低楼层(共29层),2004年,富力桃园,https://gz.lianjia.com/ershoufang/108407444914.html
gz,全市,中森茗苑 三房南向看花园 视野好,91,"10,495元/平",3室1厅,86.71平米,南,简装,高楼层(共24层),2014年,中森茗苑,https://gz.lianjia.com/ershoufang/108407648926.html
gz,全市,时代天启，南北对流大3房，全新未住,108,"9,117元/平",3室2厅,118.47平米,南 北,精装,高楼层(共32层),2018年,时代天启,https://gz.lianjia.com/ershoufang/108407109701.html
gz,全市,实用精装两房 配套齐全环境优美 广州北站地铁物业,80,"10,366元/平",2室1厅,77.18平米,北,其他,中楼层(共28层),2014年,祈福天龙苑,https://gz.lianjia.com/ershoufang/108407288800.html
gz,全市,满五唯一，南北对流，业主保养好，视野开阔,180,"12,413元/平",4室2厅,145.02平米,东 南 北,精装,低楼层(共18层),2012年,南沙珠江湾,https://gz.lianjia.com/ershoufang/108406313946.html
gz,全市,楼龄新 长寿路地铁200米 全屋尚品宅配装修 南向三房,319,"45,834元/平",3室1厅,69.6平米,南,其他,中楼层(共30层),2012年,贵贤上品,https://gz.lianjia.com/ershoufang/108407886885.html
gz,全市,大院管理 户型方正实用 采光充足 南北对流,95,"19,456元/平",2室1厅,48.83平米,南,简装,中楼层(共7层),塔楼,四航局宿舍,https://gz.lianjia.com/ershoufang/108406394893.html
gz,全市,西场地铁口100米南向两房  户型很方正 实用高,118,"19,936元/平",2室1厅,59.19平米,南,简装,中楼层(共8层),塔楼,东风西路,https://gz.lianjia.com/ershoufang/108407383961.html
gz,全市,双地铁50米 晓港湾原装电梯大两房 厅出阳台光线靓,198,"22,647元/平",2室2厅,87.43平米,东 北 东北,简装,中楼层(共23层),1999年,晓港湾,https://gz.lianjia.com/ershoufang/108407520149.html
gz,全市,沙河地铁口 电梯三房 楼龄新 近市场 单边位 采光充足,178,"28,036元/平",3室1厅,63.49平米,西北,精装,中楼层(共9层),1995年,天福居,https://gz.lianjia.com/ershoufang/108408080370.html
gz,全市,马鞍山公园大平层 户型优质东南向5房 马鞍山公园景观,350,"16,865元/平",5室3厅,207.54平米,东南,毛坯,中楼层(共28层),2007年,马鞍山一号,https://gz.lianjia.com/ershoufang/108407175844.html
gz,全市,度假天然氧吧 全新精装一天没住过 靓楼层，无遮挡,45,"4,164元/平",3室2厅,108.09平米,南,精装,中楼层(共18层),塔楼,花都颐和山庄,https://gz.lianjia.com/ershoufang/108407721442.html
gz,全市,西湾路西村地铁口 电梯房 协he 户型方正中层可公积金,162,"27,519元/平",2室1厅,58.87平米,南,精装,低楼层(共9层),1980年,西湾路,https://gz.lianjia.com/ershoufang/108405189184.html
gz,全市,一手业主，钥匙看房，交通方便，轻轨地铁高铁。,73,"8,606元/平",2室2厅,84.83平米,北,简装,高楼层(共26层),塔楼,群星新邨,https://gz.lianjia.com/ershoufang/108407588965.html
gz,全市,近地铁，东南看园林绿林，楼层好，采光好，通风,90.5,"9,844元/平",3室1厅,91.94平米,东南,精装,高楼层(共27层),2018年,保利中航城花园一期,https://gz.lianjia.com/ershoufang/108407005427.html
gz,全市,电梯2房，停车方便。阳光很猛。,168,"30,097元/平",2室1厅,55.82平米,西南,简装,中楼层(共9层),塔楼,黄沙大道,https://gz.lianjia.com/ershoufang/108407903534.html
gz,全市,该物业全新装修、保养很好。户型优质。采光通风好。,136,"16,803元/平",3室2厅,80.94平米,东,其他,高楼层(共9层),1996年,穗芳阁,https://gz.lianjia.com/ershoufang/108407612242.html
gz,全市,自住保养好 采光通风好 视野无遮挡,370,"39,121元/平",3室2厅,94.58平米,北,精装,低楼层(共26层),2016年,悦江上品苑,https://gz.lianjia.com/ershoufang/108407730434.html
gz,全市,誉山国际小高层 纯南向看小区花园 停车免费,66,"7,703元/平",3室2厅,85.69平米,南,精装,低楼层(共18层),2016年,合景誉山国际三区,https://gz.lianjia.com/ershoufang/108408012360.html
gz,全市,万科金色梦想复式4房，空间视野出入方便,198,"20,838元/平",4室2厅,95.02平米,南,精装,低楼层(共40层),2015年,万科金色梦想,https://gz.lianjia.com/ershoufang/108407387336.html
gz,全市,庄士三房满五不唯一 南向高楼层  看房方便,156,"13,566元/平",3室2厅,115平米,南,精装,中楼层(共17层),塔楼,庄士映蝶蓝湾一期,https://gz.lianjia.com/ershoufang/108402137383.html
gz,全市,五矿壹云台南向叠墅，视野开阔，无遮挡,398,"29,465元/平",4室2厅,135.08平米,南,毛坯,中楼层(共8层),塔楼,五矿壹云台,https://gz.lianjia.com/ershoufang/108406238268.html
gz,全市,越秀滨海珺城 3室2厅 北 南,190,"15,200元/平",3室2厅,125平米,北 南,简装,中楼层(共23层),塔楼,越秀滨海珺城,https://gz.lianjia.com/ershoufang/108407825307.html
gz,全市,地铁50米 新月明珠  小区中间位  看花园  中层,388,"29,439元/平",4室1厅,131.8平米,东 南,简装,中楼层(共22层),2007年,新月明珠花园,https://gz.lianjia.com/ershoufang/108407688314.html
gz,全市,祈福新村倚湖湾一房一厅，采光好，邻近祈福人工湖。,89.5,"17,295元/平",1室1厅,51.75平米,东南,精装,30层,2006年,祈福新村倚湖湾,https://gz.lianjia.com/ershoufang/108408057012.html
gz,全市,中低楼层 采光通透 格局方正 配套完善,36,"7,660元/平",3室1厅,47平米,南,简装,中楼层(共4层),暂无数据,光明南路四巷,https://gz.lianjia.com/ershoufang/108407982653.html
gz,全市,房产证够五年唯一，近公园，南北对流，靓楼层。,63,"6,622元/平",3室2厅,95.14平米,南 北,简装,中楼层(共9层),塔楼,富贵楼,https://gz.lianjia.com/ershoufang/108400518160.html
gz,全市,里享家蔚来   中层  南向三房,125,"13,185元/平",3室2厅,94.81平米,南,精装,高楼层(共35层),板楼,万科里享家,https://gz.lianjia.com/ershoufang/108407795607.html
gz,全市,越秀臻悦府 高层东南向复式四房 全新没住过,220,"21,345元/平",4室2厅,103.07平米,东南,精装,高楼层(共17层),塔楼,越秀臻悦府,https://gz.lianjia.com/ershoufang/108407385065.html
gz,全市,改善行小区 全新未入住，新净，高楼层，视野好,110,"11,404元/平",3室1厅,96.46平米,南,精装,高楼层(共21层),塔楼,佳兆业佳泽园,https://gz.lianjia.com/ershoufang/108407682040.html
gz,全市,A区独栋 边户 大三房，中高楼层采光视野好，不临街,218,"21,468元/平",3室2厅,101.55平米,西北,精装,高楼层(共33层),2016年,万科东荟城,https://gz.lianjia.com/ershoufang/108407578704.html
gz,全市,栢信广场旁 实用电梯两房 双阳台 花园小区,148,"23,534元/平",2室2厅,62.89平米,西南,简装,高楼层(共11层),2000年,紫荆花园,https://gz.lianjia.com/ershoufang/108406357082.html
gz,全市,祈福大盘 近地铁 高楼屋 视野开阔 精致精修,78.8,"10,464元/平",3室2厅,75.31平米,北,精装,高楼层(共28层),2014年,祈福天龙苑,https://gz.lianjia.com/ershoufang/108404587363.html
gz,全市,天河北 龙口东 南向大三房两卫 花园小区 近地铁,450,"38,152元/平",3室2厅,117.95平米,南,简装,中楼层(共32层),2002年,鸿景园,https://gz.lianjia.com/ershoufang/108407468791.html
gz,全市,广州铁道车辆厂生活区 2室1厅 南 北,55,"10,961元/平",2室1厅,50.18平米,南 北,其他,中楼层(共6层),1988年,广州铁道车辆厂生活区,https://gz.lianjia.com/ershoufang/108408053970.html
gz,全市,天贵路 锦砖外墙 低密度多层 一体两户 南向客厅,29,"5,249元/平",1室1厅,55.25平米,南 北,其他,高楼层(共8层),2000年,恒辉小区,https://gz.lianjia.com/ershoufang/108407496883.html
gz,全市,中海誉城北苑  三房  南向   南北对流,165,"17,267元/平",3室1厅,95.56平米,南,其他,低楼层(共33层),塔楼,中海誉城北苑,https://gz.lianjia.com/ershoufang/108407930150.html
gz,全市,恒大山水城 2室2厅 西北,55,"7,336元/平",2室2厅,74.98平米,西北,精装,高楼层(共18层),2008年,恒大山水城,https://gz.lianjia.com/ershoufang/108407972552.html
gz,全市,业主因为要换房，保养干净整洁，所以诚心出。,163,"11,212元/平",3室2厅,145.39平米,东北,精装,高楼层(共28层),2012年,雅宝新城名门世家(四区),https://gz.lianjia.com/ershoufang/108407997747.html
gz,全市,格局好视野开阔采光充足业主诚心放卖,205,"18,758元/平",3室1厅,109.29平米,北,其他,中楼层(共17层),2003年,美心翡翠明庭,https://gz.lianjia.com/ershoufang/108407532543.html
gz,全市,户型实用，中楼层，小区环境安静，交通方便,245,"25,000元/平",3室2厅,98平米,北,其他,高楼层(共18层),2011年,中海金沙馨园二期东区,https://gz.lianjia.com/ershoufang/108407504420.html
gz,全市,户型方正 空间开阔 交通便利 配套完善,25,"5,768元/平",1室0厅,43.35平米,北,精装,中楼层(共18层),2013年,南沙城,https://gz.lianjia.com/ershoufang/108406101044.html
gz,全市,近地铁近图书馆，一线江景，南北对流，名师靓装,270,"29,045元/平",3室1厅,92.96平米,南 北,其他,高楼层(共40层),2018年,金融街融穗澜湾,https://gz.lianjia.com/ershoufang/108407760552.html
gz,全市,地铁滨江东 通风明亮  间隔方正实用,179,"33,509元/平",1室1厅,53.42平米,西南,精装,低楼层(共9层),1996年,怡景湾,https://gz.lianjia.com/ershoufang/108406703898.html
gz,全市,复式三房带露台立体空间+空中花园演绎野级居家体验,105,"6,943元/平",3室2厅,151.25平米,南,精装,高楼层(共4层),板楼,碧桂园荔山雅筑,https://gz.lianjia.com/ershoufang/108407186533.html
gz,全市,祥兴巷1号，全新装修，三房一卫,28,"3,637元/平",3室1厅,77平米,南,其他,高楼层(共6层),板楼,祥兴巷1号,https://gz.lianjia.com/ershoufang/108406610577.html
gz,全市,雅居乐万科热橙 3室2厅 南,116,"12,515元/平",3室2厅,92.69平米,南,其他,高楼层(共13层),2018年,雅居乐万科热橙,https://gz.lianjia.com/ershoufang/108408006998.html
gz,全市,广州北站次新房，全新没有住过，无贷款,88,"11,140元/平",3室1厅,79平米,南 西南,其他,中楼层(共30层),塔楼,中建·映花悦府,https://gz.lianjia.com/ershoufang/108407090609.html
gz,全市,此房装修保养好，格局方正实用。业主诚心卖,100,"8,656元/平",3室1厅,115.53平米,南,其他,中楼层(共11层),2008年,富雅都市华庭,https://gz.lianjia.com/ershoufang/108404247042.html
gz,全市,房子业主自住保养好，健康步梯，诚心卖,63,"5,268元/平",3室2厅,119.61平米,东 西,精装,高楼层(共6层),塔楼,石滩第一城,https://gz.lianjia.com/ershoufang/108407015196.html
gz,全市,阳光城澜悦 南向大四房 精装修一步到位,163,"14,362元/平",4室2厅,113.5平米,南 北,精装,低楼层(共31层),塔楼,阳光城丽景湾澜悦,https://gz.lianjia.com/ershoufang/108407321368.html
gz,全市,精装三房，小区花园带游泳池 安静宜居,650,"45,202元/平",3室2厅,143.8平米,北,精装,中楼层(共21层),2004年,琴海居,https://gz.lianjia.com/ershoufang/108405905101.html
gz,全市,区府鸿都苑 稀有叠墅 3层毛坯带大露台 十年不遇一套,239,"9,357元/平",6室2厅,255.43平米,南 北,毛坯,高楼层(共4层),2006年,鸿都苑,https://gz.lianjia.com/ershoufang/108408004194.html
gz,全市,南岗地铁边电梯次新房，小区管理楼下有绿化，阳光好,68,"15,196元/平",2室1厅,44.75平米,南,其他,低楼层(共33层),塔楼,亨元花园,https://gz.lianjia.com/ershoufang/108408033594.html
gz,全市,广奥电梯复式    南向视野开阔,100,"18,249元/平",1室1厅,54.8平米,南,其他,中楼层(共21层),2002年,广州奥林匹克花园,https://gz.lianjia.com/ershoufang/108406973324.html
gz,全市,保利花城花园园中 装修好 保养好 即时可入住,345,"19,549元/平",4室2厅,176.48平米,东南,精装,中楼层(共26层),2013年,保利花城,https://gz.lianjia.com/ershoufang/108407980786.html
gz,全市,A区独栋 边户 大三房，中高楼层采光视野好，不临街,218,"21,468元/平",3室2厅,101.55平米,西北,精装,高楼层(共33层),2016年,万科东荟城,https://gz.lianjia.com/ershoufang/108407578704.html
gz,全市,栢信广场旁 实用电梯两房 双阳台 花园小区,148,"23,534元/平",2室2厅,62.89平米,西南,简装,高楼层(共11层),2000年,紫荆花园,https://gz.lianjia.com/ershoufang/108406357082.html
gz,全市,低层大两房 户型方正带私用平台 大院管理,158,"23,134元/平",2室1厅,68.3平米,西,简装,低楼层(共9层),暂无数据,陈岗路2号大院,https://gz.lianjia.com/ershoufang/108407145624.html
gz,全市,"此房新装修保养好南北对流,一线望江单边位",173,"13,569元/平",3室1厅,127.5平米,东南,精装,高楼层(共32层),2012年,保利东江首府,https://gz.lianjia.com/ershoufang/108407859339.html
gz,全市,南向户型，视野开阔，无遮挡，业主诚意出,58.8,"6,057元/平",3室2厅,97.09平米,东南 北,毛坯,中楼层(共24层),2015年,逸泉映翠,https://gz.lianjia.com/ershoufang/108407788062.html
gz,全市,农林下商圈 无占用 南北向  近地铁 方便看,220,"43,790元/平",2室1厅,50.24平米,南 北,简装,中楼层(共4层),1985年,农林下路,https://gz.lianjia.com/ershoufang/108405554068.html
gz,全市,小北路，小户型，一楼带阳台，看房方便。,138,"48,850元/平",1室0厅,28.25平米,东,简装,低楼层(共9层),塔楼,小北路,https://gz.lianjia.com/ershoufang/108407961520.html
gz,全市,融创B4区南北对流大四房户型 阳台采光好,315,"24,870元/平",4室2厅,126.66平米,东南,其他,中楼层(共32层),塔楼,融创璟府,https://gz.lianjia.com/ershoufang/108407536025.html
gz,全市,环市西苑 实用大三房两卫 南向望花园 业主诚意卖,445,"43,158元/平",3室2厅,103.11平米,南 北,简装,高楼层(共15层),2000年,富力环市西苑,https://gz.lianjia.com/ershoufang/108407122869.html
gz,全市,星河湾经典南北对流三房位置安静,325,"26,253元/平",3室2厅,123.8平米,南 北,精装,低楼层(共10层),2001年,广州星河湾朗心园,https://gz.lianjia.com/ershoufang/108407793843.html
gz,全市,从化14号线边，巴厘天地三房，小区中间位置好，毛坯房,80,"7,585元/平",3室1厅,105.48平米,南,毛坯,中楼层(共17层),2011年,人盛巴厘天地,https://gz.lianjia.com/ershoufang/108407951937.html
gz,全市,小高层东南向全新三房，实用率高，光线好，楼龄新,145,"18,171元/平",3室2厅,79.8平米,东南 南,简装,中楼层(共11层),暂无数据,万科幸福悦D区,https://gz.lianjia.com/ershoufang/108406969203.html
gz,全市,小港社区 市二宫地铁站400米 产权清晰,150,"20,473元/平",3室1厅,73.27平米,东南,简装,中楼层(共5层),暂无数据,小港路,https://gz.lianjia.com/ershoufang/108407702433.html
gz,全市,小北路 2室1厅 东 南 西,307,"49,871元/平",2室1厅,61.56平米,东 南 西,其他,高楼层(共9层),1996年,小北路,https://gz.lianjia.com/ershoufang/108406898431.html
gz,全市,地铁上，复式买一层加一层实用率高只须180,180,"36,284元/平",2室2厅,49.61平米,南,简装,中楼层(共20层),2005年,耀华国际,https://gz.lianjia.com/ershoufang/108408010159.html
gz,全市,高层落地大飘窗 景观靓眼 全新装修次新楼 无抵押,345,"38,834元/平",3室1厅,88.84平米,西北,精装,中楼层(共37层),2013年,中铁盛德国际,https://gz.lianjia.com/ershoufang/108407403482.html
gz,全市,南向无遮挡，采光充足，双地铁出行方便南向,215,"20,137元/平",4室2厅,106.77平米,南,精装,中楼层(共34层),板楼,星汇城,https://gz.lianjia.com/ershoufang/108408049563.html
gz,全市,棕榈水岸南北对流小三房，户型方正实用,98,"10,493元/平",3室2厅,93.4平米,东 西,精装,低楼层(共11层),2014年,龙光棕榈水岸北区,https://gz.lianjia.com/ershoufang/108407286475.html
gz,全市,金碧雅苑东南向两房厅出阳台安静,200,"30,053元/平",2室2厅,66.55平米,东南 南,简装,11层,2003年,金碧雅苑,https://gz.lianjia.com/ershoufang/108407892935.html
gz,全市,康裕北苑，电梯中间楼层，户型方正实用， 视野开阔,240,"18,182元/平",3室2厅,132平米,北,精装,高楼层(共13层),2005年,康裕北苑,https://gz.lianjia.com/ershoufang/108404380153.html
gz,全市,滨江东珠江边地铁上原装电梯高层大两房,323,"34,242元/平",2室2厅,94.33平米,西北,精装,高楼层(共24层),塔楼,凯印大厦,https://gz.lianjia.com/ershoufang/108407249267.html
gz,全市,江山时代 好楼层两房 出 月供2000,69,"9,114元/平",2室1厅,75.71平米,西北,其他,中楼层(共25层),2017年,恒展江山时代花园,https://gz.lianjia.com/ershoufang/108407933640.html
gz,全市,南向户型，次新房未入住，业主诚意放盘,63.8,"7,721元/平",3室2厅,82.64平米,南,精装,中楼层(共23层),塔楼,合景花䕕四季,https://gz.lianjia.com/ershoufang/108408007326.html
gz,全市,采光充足，南向，温馨舒适，产权清晰 户型方正,86,"8,874元/平",3室1厅,96.92平米,东南,其他,中楼层(共11层),2013年,富力金港城东区,https://gz.lianjia.com/ershoufang/108407680842.html
gz,全市,聚侨苑 3室2厅 北,420,"34,175元/平",3室2厅,122.9平米,北,简装,中楼层(共9层),1999年,聚侨苑,https://gz.lianjia.com/ershoufang/108407838413.html
gz,全市,靓楼层  精装修 电梯三房 近公园 河堤绿道边 环境好,85,"9,268元/平",3室2厅,91.72平米,北,精装,中楼层(共13层),塔楼,宏润巴塞阳光,https://gz.lianjia.com/ershoufang/108408015830.html
gz,全市,滨海新城高层南向四房大阳台采光视野好通风,150,"14,361元/平",4室2厅,104.45平米,南,精装,高楼层(共33层),2018年,越秀滨海新城,https://gz.lianjia.com/ershoufang/108406904875.html
gz,全市,中山五路，北京路商圈，低层小 户型带私家天台，,209,"42,732元/平",2室1厅,48.91平米,西,其他,低楼层(共3层),板楼,中山五路,https://gz.lianjia.com/ershoufang/108408036352.html
gz,全市,位置好，采光好，楼层好，保养好,94.8,"10,272元/平",3室2厅,92.29平米,南,精装,中楼层(共16层),2011年,富力金港城东区,https://gz.lianjia.com/ershoufang/108407206326.html
gz,全市,永大新城 东南向 电梯大两房 户型实用,61.8,"8,227元/平",2室2厅,75.12平米,东南,简装,高楼层(共9层),暂无数据,永大新城,https://gz.lianjia.com/ershoufang/108402816027.html
gz,全市,金碧新城 2室1厅 东北,134,"21,335元/平",2室1厅,62.81平米,东北,精装,中楼层(共32层),2006年,金碧新城,https://gz.lianjia.com/ershoufang/108407883413.html
gz,全市,明达大厦 原装电梯 省级小北 南向2房,348,"59,235元/平",2室1厅,58.75平米,南,简装,低楼层(共21层),1999年,明达大厦,https://gz.lianjia.com/ershoufang/108403311071.html
gz,全市,琶洲电商总部 正规一房一厅  业主诚心卖,81,"24,442元/平",1室1厅,33.14平米,西,其他,中楼层(共9层),1997年,华保花园,https://gz.lianjia.com/ershoufang/108408006489.html
gz,全市,景峰东南向.三房.楼距宽.南北对流高楼层视野好,248,"24,314元/平",3室2厅,102平米,东南,精装,高楼层(共18层),2013年,富豪山庄,https://gz.lianjia.com/ershoufang/108407903243.html
gz,全市,越秀滨海御城，双龙包珠户型，精装修保养好，好楼层,355,"25,456元/平",4室2厅,139.46平米,东南 南,精装,中楼层(共32层),2017年,越秀滨海御城,https://gz.lianjia.com/ershoufang/108407658344.html
gz,全市,龙锦大厦 三阳台东南向 温馨装修保养好 通风采光好,360,"42,751元/平",2室2厅,84.21平米,东南,精装,高楼层(共31层),2008年,龙锦大厦,https://gz.lianjia.com/ershoufang/108408027280.html
gz,全市,金融城骏景花园 复式5房 高层视野好 带自用大天台,880,"39,248元/平",5室2厅,224.22平米,西,其他,高楼层(共14层),2000年,骏景花园,https://gz.lianjia.com/ershoufang/108405371350.html
gz,全市,金碧雅苑东南向两房厅出阳台安静,200,"30,053元/平",2室2厅,66.55平米,东南 南,简装,11层,2003年,金碧雅苑,https://gz.lianjia.com/ershoufang/108407892935.html
gz,全市,滨江东珠江边地铁上原装电梯高层大两房,323,"34,242元/平",2室2厅,94.33平米,西北,精装,高楼层(共24层),塔楼,凯印大厦,https://gz.lianjia.com/ershoufang/108407249267.html
gz,全市,棕榈水岸南北对流小三房，户型方正实用,98,"10,493元/平",3室2厅,93.4平米,东 西,精装,低楼层(共11层),2014年,龙光棕榈水岸北区,https://gz.lianjia.com/ershoufang/108407286475.html
gz,全市,地铁50米 新月明珠  小区中间位  看花园  中层,388,"29,439元/平",4室1厅,131.8平米,东 南,简装,中楼层(共22层),2007年,新月明珠花园,https://gz.lianjia.com/ershoufang/108407688314.html
gz,全市,户型方正 采光好 配套全 近菜场公园,80,"14,187元/平",2室1厅,56.39平米,东南,简装,高楼层(共9层),1997年,阳光花园,https://gz.lianjia.com/ershoufang/108407715333.html
gz,全市,东南向看花园，地铁口500米，三房， 急卖随时看房,110,"11,112元/平",3室1厅,99平米,东南 南,精装,低楼层(共18层),2012年,南沙碧桂园豪庭,https://gz.lianjia.com/ershoufang/108407028494.html
gz,全市,越秀滨海珺城 3室2厅 北 南,190,"15,200元/平",3室2厅,125平米,北 南,简装,中楼层(共23层),塔楼,越秀滨海珺城,https://gz.lianjia.com/ershoufang/108407825307.html
gz,全市,一手业主 产权清晰 阳台望花园 安静宜居,170,"27,244元/平",2室1厅,62.4平米,东北,简装,高楼层(共22层),2000年,金碧花园第一金碧,https://gz.lianjia.com/ershoufang/108408036732.html
gz,全市,南北对流，装修保养良好，锦砖外墙可加电梯，安静舒适,75,"8,869元/平",3室2厅,84.57平米,南,其他,中楼层(共8层),2001年,永大新城,https://gz.lianjia.com/ershoufang/108407918594.html
gz,全市,公安宿舍 中间楼层 原始电梯，采光好,238,"30,726元/平",2室1厅,77.46平米,西,毛坯,低楼层(共9层),2000年,百合路38-64号宿舍（双号）,https://gz.lianjia.com/ershoufang/108406538845.html
gz,全市,岭南林语高楼层南向小三房，采光通风好看小区花园不吵,253,"27,296元/平",3室1厅,92.69平米,南,其他,高楼层(共32层),2016年,保利越秀岭南林语,https://gz.lianjia.com/ershoufang/108406445305.html
gz,全市,小港社区 市二宫地铁站400米 产权清晰,150,"20,473元/平",3室1厅,73.27平米,东南,简装,中楼层(共5层),暂无数据,小港路,https://gz.lianjia.com/ershoufang/108407702433.html
gz,全市,地铁上，复式买一层加一层实用率高只须180,180,"36,284元/平",2室2厅,49.61平米,南,简装,中楼层(共20层),2005年,耀华国际,https://gz.lianjia.com/ershoufang/108408010159.html
gz,全市,高层落地大飘窗 景观靓眼 全新装修次新楼 无抵押,345,"38,834元/平",3室1厅,88.84平米,西北,精装,中楼层(共37层),2013年,中铁盛德国际,https://gz.lianjia.com/ershoufang/108407403482.html
gz,全市,万寿雅苑 观景阳台直视花园式小区 安静全明两房,235,"30,865元/平",2室1厅,76.14平米,南 西南,简装,中楼层(共21层),2003年,万寿雅苑,https://gz.lianjia.com/ershoufang/108407995263.html
gz,全市,小北路 2室1厅 东 南 西,307,"49,871元/平",2室1厅,61.56平米,东 南 西,其他,高楼层(共9层),1996年,小北路,https://gz.lianjia.com/ershoufang/108406898431.html
gz,全市,中山五路，北京路商圈，低层小 户型带私家天台，,209,"42,732元/平",2室1厅,48.91平米,西,其他,低楼层(共3层),板楼,中山五路,https://gz.lianjia.com/ershoufang/108408036352.html
gz,全市,滨海新城高层南向四房大阳台采光视野好通风,150,"14,361元/平",4室2厅,104.45平米,南,精装,高楼层(共33层),2018年,越秀滨海新城,https://gz.lianjia.com/ershoufang/108406904875.html
gz,全市,轻轨物业，祈福都会正规两房，带装修，拎包即可入住！,54.5,"6,711元/平",2室2厅,81.21平米,北,简装,低楼层(共11层),2011年,祈福都会花园,https://gz.lianjia.com/ershoufang/108405244646.html
gz,全市,小高层东南向全新三房，实用率高，光线好，楼龄新,145,"18,171元/平",3室2厅,79.8平米,东南 南,简装,中楼层(共11层),暂无数据,万科幸福悦D区,https://gz.lianjia.com/ershoufang/108406969203.html
gz,全市,从化14号线边，巴厘天地三房，小区中间位置好，毛坯房,80,"7,585元/平",3室1厅,105.48平米,南,毛坯,中楼层(共17层),2011年,人盛巴厘天地,https://gz.lianjia.com/ershoufang/108407951937.html
gz,全市,蔷薇三房，户型方正，智能化小区，园林优美,67,"7,810元/平",3室2厅,85.79平米,北,精装,中楼层(共32层),塔楼,实地蔷薇国际,https://gz.lianjia.com/ershoufang/108407054021.html
gz,全市,品秀·星瀚 4室2厅 南,295,"28,412元/平",4室2厅,103.83平米,南,精装,中楼层(共33层),塔楼,品秀·星瀚,https://gz.lianjia.com/ershoufang/108408008403.html
sz,全市,高楼层，南北通，采光充，通风好，前后看花园。,249,"27,903元/平",3室2厅,89.24平米,南,毛坯,16层,2016年,正兆景嘉园,https://sz.lianjia.com/ershoufang/105122467936.html
sz,全市,此房满五唯一，保养很不错的一套房子,260,"58,917元/平",2室1厅,44.13平米,东南,精装,10层,2011年,玉湖湾,https://sz.lianjia.com/ershoufang/105117320616.html
sz,全市,地铁口精装一房，南向看花园，满五年红本在手,175,"49,282元/平",1室1厅,35.51平米,西南,简装,33层,2009年,碧海富通城四期,https://sz.lianjia.com/ershoufang/105119384552.html
sz,全市,自住装修三号线14号线地铁口楼下沃尔玛幼儿园,305,"34,236元/平",3室1厅,89.09平米,西南,精装,中楼层(共30层),2016年,麟恒中心广场二期,https://sz.lianjia.com/ershoufang/105120886396.html
sz,全市,红本在手，红本在手，流塘地铁口物业税费低,156,"35,303元/平",2室1厅,44.19平米,南,精装,低楼层(共30层),2015年,流塘阳光花园,https://sz.lianjia.com/ershoufang/105118698331.html
sz,全市,百合盛世二期 4室2厅 西南,285,"32,710元/平",4室2厅,87.13平米,西南,精装,低楼层(共30层),2015年,百合盛世二期,https://sz.lianjia.com/ershoufang/105122421014.html
sz,全市,带30平私家露台和100多平公用露台  3号线地铁口物业,298,"27,441元/平",3室2厅,108.6平米,南 北,精装,低楼层(共32层),2007年,东方明珠城,https://sz.lianjia.com/ershoufang/105122143647.html
sz,全市,沙头角口岸物业  单房  费用少,70,"26,759元/平",1室0厅,26.16平米,南,简装,高楼层(共19层),2001年,福苑,https://sz.lianjia.com/ershoufang/105122721128.html
sz,全市,高层房源  南向 采光好  诚心卖,660,"73,098元/平",3室1厅,90.29平米,东南,其他,高楼层(共27层),2002年,彩田村,https://sz.lianjia.com/ershoufang/105121672597.html
sz,全市,地铁口小户型业主诚心出售交通生活便利,110,"32,709元/平",1室1厅,33.63平米,西北,简装,中楼层(共32层),2005年,信和爱琴居,https://sz.lianjia.com/ershoufang/105116822687.html
sz,全市,高楼层，置换四房，全新小区，价格也是亮点!,414,"39,474元/平",4室2厅,104.88平米,南,毛坯,高楼层(共32层),2023年,御景华府,https://sz.lianjia.com/ershoufang/105119916633.html
sz,全市,业主诚心卖，楼下万达广场，107国道改造，12号地铁,178,"34,964元/平",2室1厅,50.91平米,东南,精装,29层,2019年,福城·前海新纪元,https://sz.lianjia.com/ershoufang/105121075841.html
sz,全市,地铁口、满五唯一，红本在手，看房方便,128,"27,845元/平",1室1厅,45.97平米,西北,简装,26层,2005年,新鸿花园,https://sz.lianjia.com/ershoufang/105122425248.html
sz,全市,三地铁口边户高楼层采光好全屋定制70年产权,120,"26,014元/平",2室1厅,46.13平米,东南,精装,高楼层(共32层),2017年,松河瑞园一期,https://sz.lianjia.com/ershoufang/105118592429.html
sz,全市,2020年新装修，拎包入住  满五唯一，诚心卖，安静居家,445,"71,280元/平",2室2厅,62.43平米,东南,精装,低楼层(共28层),2010年,福保桂花苑,https://sz.lianjia.com/ershoufang/105121262163.html
sz,全市,福田CBD九宫格，经典一房，容易上车盘,218,"42,118元/平",2室1厅,51.76平米,北,简装,中楼层(共29层),2001年,彩福大厦,https://sz.lianjia.com/ershoufang/105120533460.html
sz,全市,42栋大社区 南向视野 高楼层 自住4房 诚意出售 随时看,288,"20,637元/平",4室2厅,139.56平米,东南,其他,高楼层(共26层),2008年,水岸新都四五期,https://sz.lianjia.com/ershoufang/105122064949.html
sz,全市,深业紫麟山，毛坯大平层，双公园，深中，钥匙房,420,"29,680元/平",3室2厅,141.51平米,南,毛坯,27层,2011年,深业紫麟山花园,https://sz.lianjia.com/ershoufang/105122409829.html
sz,全市,八卦岭宿舍 1室0厅 南,110,"38,355元/平",1室0厅,28.68平米,南,其他,中楼层(共7层),1988年,八卦岭宿舍,https://sz.lianjia.com/ershoufang/105122737866.html
sz,全市,石厦北 大单间 带大阳台 业主诚心卖 价格可谈,286,"88,931元/平",1室0厅,32.16平米,西南,简装,中楼层(共32层),2003年,丽阳天下,https://sz.lianjia.com/ershoufang/105122470450.html
sz,全市,前后阳台风景好 固定车位 一梯两户 诚心出售,813,"58,490元/平",4室2厅,139平米,东南,简装,中楼层(共9层),板楼,鸣翠谷,https://sz.lianjia.com/ershoufang/105120950212.html
sz,全市,业主诚售速度抢，满五唯一税费低，双阳台拎包入住,325,"36,941元/平",3室2厅,87.98平米,南,精装,中楼层(共28层),2015年,美地里园,https://sz.lianjia.com/ershoufang/105112354771.html
sz,全市,五期大社区 满五唯一 地铁口 中上楼层看花园,165,"20,472元/平",2室1厅,80.6平米,南,简装,中楼层(共26层),2008年,水岸新都四五期,https://sz.lianjia.com/ershoufang/105120115542.html
sz,全市,香蜜湖唯珍府板楼小高层，套内240平，高楼层视野好,2680,"142,501元/平",4室1厅,188.07平米,南,精装,高楼层(共18层),2008年,香蜜湖唯珍府,https://sz.lianjia.com/ershoufang/105121955843.html
sz,全市,毛坯三房，近沙井海岸城，业主诚心急售,315,"35,776元/平",3室2厅,88.05平米,东南,毛坯,32层,2018年,拾悦城,https://sz.lianjia.com/ershoufang/105110942988.html
sz,全市,户型方正大四房 采光通风好，小区设施齐全，,220,"21,329元/平",4室1厅,103.15平米,东南,精装,低楼层(共32层),2018年,心海城,https://sz.lianjia.com/ershoufang/105110740188.html
sz,全市,保利上城精装三房诚心卖视野好税费少 价格可谈,339,"42,492元/平",3室2厅,79.78平米,西北,精装,中楼层(共33层),2014年,保利上城,https://sz.lianjia.com/ershoufang/105121156920.html
sz,全市,此房业主诚心卖， 采光好，保养好 楼层视野好,70,"19,814元/平",1室1厅,35.33平米,东南 西北,其他,中楼层(共44层),2020年,恒大城市之光,https://sz.lianjia.com/ershoufang/105118847073.html
sz,全市,不满二年，业主诚心出售，随时都可以看房,390,"100,698元/平",1室1厅,38.73平米,西南,简装,低楼层(共37层),2001年,群星广场,https://sz.lianjia.com/ershoufang/105121719215.html
sz,全市,两房一卫东南朝向风景好保养如新,180,"27,528元/平",2室2厅,65.39平米,东南,精装,低楼层(共27层),板塔结合,爱心家园,https://sz.lianjia.com/ershoufang/105120930334.html
sz,全市,近地铁口大阳台朝南看花园电梯大四房三卫,560,"36,244元/平",4室2厅,154.51平米,南,简装,高楼层(共7层),2004年,桃源居一区,https://sz.lianjia.com/ershoufang/105119744457.html
sz,全市,京基御景优质三房 高楼层 视野开阔 诚心出售,438,"45,104元/平",3室2厅,97.11平米,南,精装,中楼层(共30层),2018年,京基御景中央,https://sz.lianjia.com/ershoufang/105120986606.html
sz,全市,交通便利，地处龙岗繁华地段，2018毛坯次新房,338,"38,532元/平",3室2厅,87.72平米,东南,毛坯,高楼层(共32层),2016年,龙平紫园,https://sz.lianjia.com/ershoufang/105115014433.html
sz,全市,房子红本在宝安公园旁上川地铁口诚售,275,"35,831元/平",3室2厅,76.75平米,南,精装,中楼层(共7层),1993年,73区,https://sz.lianjia.com/ershoufang/105121860340.html
sz,全市,朝南的三房两卫，精装修，2024年刚交付的小区,599,"76,864元/平",3室2厅,77.93平米,南,精装,52层,2023年,鸿荣源尚璟公馆,https://sz.lianjia.com/ershoufang/105119097264.html
sz,全市,前海大社区大两房 中间楼层 安静 无遮挡视野,499,"68,282元/平",2室1厅,73.08平米,北,简装,18层,2004年,星海名城三期,https://sz.lianjia.com/ershoufang/105121606292.html
sz,全市,通燃气带阳台  三梯四户  吉祥地铁口户型好,218,"17,249元/平",3室1厅,126.39平米,东北,简装,低楼层(共41层),2015年,天誉国际公馆,https://sz.lianjia.com/ershoufang/105122749130.html
sz,全市,八卦岭宿舍 1室0厅 南,110,"38,355元/平",1室0厅,28.68平米,南,其他,中楼层(共7层),1988年,八卦岭宿舍,https://sz.lianjia.com/ershoufang/105122737866.html
sz,全市,汇金天琅 三房两卫 业主诚心放卖 价钱可谈,265,"40,595元/平",3室1厅,65.28平米,北,精装,低楼层(共33层),2019年,汇金天琅大厦,https://sz.lianjia.com/ershoufang/105122568184.html
sz,全市,户型佳，低密度家园，生活配套全，双地铁口,718,"87,626元/平",3室2厅,81.94平米,西南,其他,12层,2002年,麒麟花园A区,https://sz.lianjia.com/ershoufang/105116497578.html
sz,全市,龙岗万科广场公寓3房业主换房出售,199,"23,363元/平",3室2厅,85.18平米,西北,精装,高楼层(共33层),2017年,万科天誉二期,https://sz.lianjia.com/ershoufang/105118466618.html
sz,全市,龙岗近地铁次新两房大社区明星楼盘,185,"30,952元/平",2室1厅,59.77平米,西南,精装,高楼层(共54层),2023年,合正方洲泓园,https://sz.lianjia.com/ershoufang/105121490329.html
sz,全市,1号线宝体旁，精装次新房，高楼层视野佳,489,"73,689元/平",2室1厅,66.36平米,东北,精装,31层,2013年,西城雅筑,https://sz.lianjia.com/ershoufang/105113786895.html
sz,全市,房子红本在手 满五唯一 14号线四联500米,380,"42,755元/平",4室2厅,88.88平米,西北,其他,中楼层(共32层),2017年,恒地悦山湖花园,https://sz.lianjia.com/ershoufang/105120605224.html
sz,全市,六和地铁站旁精装四房出售  无暗房,260,"25,224元/平",4室2厅,103.08平米,南,精装,高楼层(共37层),2023年,恒大成一期,https://sz.lianjia.com/ershoufang/105118494279.html
sz,全市,区政府三馆一城 深惠城际际旁，配套成熟,265,"24,857元/平",4室2厅,106.61平米,南,简装,高楼层(共32层),2007年,东方明珠城,https://sz.lianjia.com/ershoufang/105119037552.html
sz,全市,宝体公园式小区，绿化覆盖率高，高楼层看园林绿轴,1180,"88,264元/平",4室2厅,133.69平米,东南,精装,32层,2008年,幸福海岸二期,https://sz.lianjia.com/ershoufang/105121121512.html
sz,全市,新上！漂亮3房自住精装修，高层看花园安静，满5红本,388,"56,560元/平",3室2厅,68.6平米,西北,精装,高楼层(共14层),2013年,万象新天,https://sz.lianjia.com/ershoufang/105121900396.html
sz,全市,此房格局好，楼层好，视野宽阔，采光充足，设施完善,326,"37,084元/平",3室2厅,87.91平米,东南,精装,低楼层(共17层),2015年,东都中央王座,https://sz.lianjia.com/ershoufang/105120241073.html
sz,全市,此房满5年，唯一红本，精装修，看花园安静,210,"30,582元/平",2室1厅,68.67平米,西北,精装,低楼层(共18层),2006年,泰雅园,https://sz.lianjia.com/ershoufang/105120105066.html
sz,全市,大单间，近地铁口，出行方便，业主诚信出售。,160,"43,244元/平",1室1厅,37平米,南,精装,高楼层(共55层),板塔结合,华润置地未来城,https://sz.lianjia.com/ershoufang/105120083089.html
sz,全市,房子满五唯一。业主诚心出售，看房提前打电话,255,"51,000元/平",1室1厅,50平米,东南,精装,中楼层(共32层),2007年,祥云天都世纪大厦,https://sz.lianjia.com/ershoufang/105117006043.html
sz,全市,满五年红本在手电梯大三房花园中间，一梯两户,638,"52,715元/平",3室1厅,121.03平米,西南,精装,高楼层(共11层),2000年,弘雅花园雅豪轩三期,https://sz.lianjia.com/ershoufang/105120768466.html
sz,全市,此房满五唯一，保养很不错的一套房子,260,"58,917元/平",2室1厅,44.13平米,东南,精装,10层,2011年,玉湖湾,https://sz.lianjia.com/ershoufang/105117320616.html
sz,全市,深惠城际旁花园小区精装两房保养很好业主很诚心卖,143,"24,483元/平",2室1厅,58.41平米,东南,简装,中楼层(共24层),2010年,万象天成,https://sz.lianjia.com/ershoufang/105118060090.html
sz,全市,龙初+龙城装修电梯3房，满五年，近3号地铁+区政府旁,308,"29,624元/平",3室1厅,103.97平米,东南,简装,中楼层(共8层),1999年,碧湖花园,https://sz.lianjia.com/ershoufang/105119116254.html
sz,全市,低层有大露台三房适宜养花爱好者,828,"96,526元/平",3室3厅,85.78平米,东北,毛坯,低楼层(共19层),2010年,莱蒙水榭春天一期,https://sz.lianjia.com/ershoufang/105120729518.html
sz,全市,14号线四联站，满五年唯一，朝南看花园,320,"27,398元/平",3室2厅,116.8平米,东南,简装,低楼层(共8层),2003年,卓越城市中心花园,https://sz.lianjia.com/ershoufang/105119127336.html
sz,全市,此房满五年，70年产权住宅性质，比邻方大城商务圈,99,"46,523元/平",1室0厅,21.28平米,南,精装,7层,1999年,高发公寓,https://sz.lianjia.com/ershoufang/105108844858.html
sz,全市,精装修2房，视野好，业主诚心出售,240,"68,572元/平",2室1厅,35平米,西,精装,20层,2013年,嘉葆润金座,https://sz.lianjia.com/ershoufang/105121205052.html
sz,全市,房子是89平的，产证79平，门外面有平台大花园,470,"59,150元/平",3室1厅,79.46平米,南 东南,其他,高楼层(共19层),2000年,益田村,https://sz.lianjia.com/ershoufang/105121828142.html
sz,全市,户型好，小区新，业主诚心卖，看房方便,777,"47,367元/平",7室2厅,164.04平米,南,精装,中楼层(共28层),2009年,君悦龙庭二期,https://sz.lianjia.com/ershoufang/105119362779.html
sz,全市,地铁口精装复式小户型 租金高 税费少 诚心卖,52,"16,185元/平",1室1厅,32.13平米,西北,其他,高楼层(共22层),2015年,远洋新干线晶钻广场,https://sz.lianjia.com/ershoufang/105122638335.html
sz,全市,满五唯一 东南朝向 端户 看园区看水库风景房,175,"27,400元/平",2室2厅,63.87平米,东南 南,简装,中楼层(共28层),2014年,招商锦绣观园,https://sz.lianjia.com/ershoufang/105121171785.html
sz,全市,东方瑞景苑 1室1厅 西南,120,"23,711元/平",1室1厅,50.61平米,西南,其他,高楼层(共23层),2011年,东方瑞景苑,https://sz.lianjia.com/ershoufang/105122201811.html
sz,全市,业主诚心卖，满五不唯一，红本在手，看房方便,112,"40,787元/平",1室0厅,27.46平米,西北,精装,低楼层(共34层),2005年,京基御景华城,https://sz.lianjia.com/ershoufang/105111634372.html
sz,全市,观山祥苑 3室1厅 南,330,"42,908元/平",3室1厅,76.91平米,南,精装,低楼层(共49层),2022年,观山祥苑,https://sz.lianjia.com/ershoufang/105122315310.html
sz,全市,次新公寓小区 精装修 看城市景观,160,"44,706元/平",1室0厅,35.79平米,东北,精装,低楼层(共51层),2021年,中洲湾中洲滨海商业中心,https://sz.lianjia.com/ershoufang/105118853987.html
sz,全市,地铁口物业 花园大社区 满五唯一 精装修 拎包入住,232,"26,430元/平",3室2厅,87.78平米,北 东北,其他,低楼层(共40层),2019年,君胜熙珑山,https://sz.lianjia.com/ershoufang/105122269765.html
sz,全市,满五不唯一 通透格局  视野宽阔 采光充足 交通便利,315,"117,450元/平",1室0厅,26.82平米,东南,精装,中楼层(共31层),2004年,阳光天地家园,https://sz.lianjia.com/ershoufang/105121254076.html
sz,全市,金地物业，人车分流，朝向东南，光线通风好，满五,84,"13,111元/平",2室2厅,64.07平米,东南,毛坯,低楼层(共34层),2016年,金地龙城中央三期,https://sz.lianjia.com/ershoufang/105121875260.html
sz,全市,直接可以拎包，使用视野无遮挡，看房随时,65,"17,413元/平",1室1厅,37.33平米,北,其他,中楼层(共42层),2024年,京基御景荟都,https://sz.lianjia.com/ershoufang/105121922321.html
sz,全市,花园社区 电梯两房  中间栋数 安静 采光通风好,379,"46,601元/平",2室1厅,81.33平米,东南,简装,高楼层(共33层),1999年,新安湖花园,https://sz.lianjia.com/ershoufang/105121968078.html
sz,全市,德兴大厦高层朝南 红本满五唯一 业主诚心出售,164,"36,764元/平",2室1厅,44.61平米,南,简装,中楼层(共30层),1984年,德兴大厦,https://sz.lianjia.com/ershoufang/105120953930.html
sz,全市,业主诚心卖 精装三房  安静小区,290,"32,205元/平",3室2厅,90.05平米,南 北,其他,24层,2016年,同和悦园,https://sz.lianjia.com/ershoufang/105122598589.html
sz,全市,高层朝南全新装修2房，无遮挡景观，税少，三地铁交汇,415,"63,866元/平",2室2厅,64.98平米,南,精装,高楼层(共29层),2005年,阳基阳光城市,https://sz.lianjia.com/ershoufang/105117124728.html
sz,全市,龙岗大运 仁恒品质 精装三室 南向采光好 诚心出售！,470,"48,310元/平",3室2厅,97.29平米,南,精装,高楼层(共31层),2021年,仁恒公园世纪四季新园,https://sz.lianjia.com/ershoufang/105122513727.html
sz,全市,科技园 电梯小高层 南向 客厅带阳台 大二房,398,"57,673元/平",2室1厅,69.01平米,南,简装,15层,2000年,汇园雅居,https://sz.lianjia.com/ershoufang/105121234377.html
sz,全市,本片区少有车位封闭管理人车分流的小区，满五唯一,577,"49,439元/平",4室1厅,116.71平米,东南,简装,低楼层(共30层),2006年,滨海春城,https://sz.lianjia.com/ershoufang/105121212141.html
sz,全市,润曜府 3室2厅 西北,340,"38,203元/平",3室2厅,89平米,西北,精装,高楼层(共47层),2024年,润曜府,https://sz.lianjia.com/ershoufang/105122190061.html
sz,全市,安托山低密花园社区安静精装通透三房,698,"77,196元/平",3室2厅,90.42平米,南 北,精装,34层,2010年,深云村,https://sz.lianjia.com/ershoufang/105122334816.html
sz,全市,福田优质花园小区大三房方正实用采光好大阳台,580,"60,017元/平",3室2厅,96.64平米,东北,精装,中楼层(共30层),2007年,景源华庭,https://sz.lianjia.com/ershoufang/105121837430.html
sz,全市,黄埔三期稀有户型 全部房间朝南向大3+1房,1300,"90,694元/平",3室2厅,143.34平米,西南,简装,26层,2003年,黄埔雅苑三期,https://sz.lianjia.com/ershoufang/105121472539.html
sz,全市,户型方正，空间 利用率高，客厅开间较大，价格实惠,175,"23,733元/平",3室2厅,73.74平米,东北,其他,中楼层(共28层),2015年,福盈中央山,https://sz.lianjia.com/ershoufang/105121517007.html
sz,全市,大运精装大三房南北通，全屋定制柜，满五唯一红本在手,436,"44,513元/平",3室2厅,97.95平米,南 北,精装,高楼层(共30层),2018年,京基御景中央,https://sz.lianjia.com/ershoufang/105119816082.html
sz,全市,业主诚心出售，户型方正，采光好，无遮挡,165,"22,675元/平",2室1厅,72.77平米,南,简装,19层,2003年,德福花园,https://sz.lianjia.com/ershoufang/105119853067.html
sz,全市,近莲花山公园北大医院 户型方正通透 一周必卖,399,"63,943元/平",2室1厅,62.4平米,北,简装,33层,2006年,五洲星苑,https://sz.lianjia.com/ershoufang/105121462606.html
sz,全市,满五年东南向  业主诚心卖 户型方正，高使用率,275,"36,928元/平",2室2厅,74.47平米,东南,精装,18层,2006年,桂芳园八期,https://sz.lianjia.com/ershoufang/105121759188.html
sz,全市,此房楼层好、视野开阔、采光充足、诚信售卖,470,"44,340元/平",2室2厅,106平米,西南,精装,高楼层(共56层),2005年,加福广场华尔登府邸,https://sz.lianjia.com/ershoufang/105118747957.html
sz,全市,电梯高楼层，满五年带空中花园，已做好五房,350,"37,128元/平",3室2厅,94.27平米,东南,精装,中楼层(共21层),2005年,桂芳园六期,https://sz.lianjia.com/ershoufang/105119677344.html
sz,全市,凯东吉祥悦府精装四房两卫 东南朝向 业主诚心出售,236,"26,646元/平",4室2厅,88.57平米,南,其他,中楼层(共33层),2020年,凯东吉祥悦府,https://sz.lianjia.com/ershoufang/105122589267.html
sz,全市,近14号线地铁口，使用率高，有60平大平台,400,"43,721元/平",3室2厅,91.49平米,南 北,简装,高楼层(共18层),2007年,康桥紫郡,https://sz.lianjia.com/ershoufang/105119379684.html
sz,全市,港湾生活小区地铁2号线樱花公园全新精装修拎包入住,329,"42,728元/平",2室2厅,77平米,南,其他,低楼层(共6层),1986年,港湾生活小区,https://sz.lianjia.com/ershoufang/105121983604.html
sz,全市,全新毛坯  诚意出售    满五年 看房方便,345,"38,966元/平",3室2厅,88.54平米,西南,毛坯,33层,2015年,麓园,https://sz.lianjia.com/ershoufang/105118772361.html
sz,全市,益田村高层一手高层3房南向安静花园景，光线通风好,628,"64,683元/平",3室2厅,97.09平米,东南,其他,高楼层(共28层),2002年,益田村,https://sz.lianjia.com/ershoufang/105122617463.html
sz,全市,香林玫瑰花园 4室1厅 南,448.8,"37,734元/平",4室1厅,118.94平米,南,精装,中楼层(共11层),2004年,香林玫瑰花园,https://sz.lianjia.com/ershoufang/105122816196.html
sz,全市,七街公馆一房一厅，安静，业主诚意出售165，方便看房,158,"36,164元/平",1室1厅,43.69平米,北,简装,中楼层(共33层),2010年,七街公馆,https://sz.lianjia.com/ershoufang/105120613952.html
sz,全市,总高25层小高层全新装修未住过人。楼下沃尔玛,328,"36,033元/平",3室2厅,91.03平米,东北,简装,低楼层(共25层),2023年,勤诚达正大城乐园,https://sz.lianjia.com/ershoufang/105120983598.html
sz,全市,房子满五，户型方正，位置好，楼层佳，采光好,260,"35,863元/平",2室1厅,72.5平米,东南,简装,低楼层(共7层),1992年,洪湖一街五号大院罗湖区,https://sz.lianjia.com/ershoufang/105122080742.html
sz,全市,福田大三房，业主诚意出售，看房方便,430,"39,815元/平",3室2厅,108平米,南,简装,中楼层(共33层),1996年,新洲大厦,https://sz.lianjia.com/ershoufang/105115893543.html
sz,全市,此房买来满两年，居家精装修，保养好，拎包入住.,265,"30,962元/平",1室2厅,85.59平米,东南,精装,高楼层(共35层),2003年,丹枫白露城东1号,https://sz.lianjia.com/ershoufang/105119021461.html
sz,全市,南向精装三房，几乎没住过，2020年次新房，业主诚售,470,"53,288元/平",3室2厅,88.2平米,东南,精装,中楼层(共31层),2020年,山海上园,https://sz.lianjia.com/ershoufang/105122171944.html
sz,全市,急急急卖 阳光天健大运四房 价格美丽,800,"59,080元/平",4室2厅,135.41平米,东南,简装,高楼层(共26层),2010年,阳光天健城,https://sz.lianjia.com/ershoufang/105122408937.html
sz,全市,近地铁，采光好，户型方正。满五唯一,199,"28,917元/平",2室1厅,68.82平米,北,其他,18层,2005年,美杜兰华庭,https://sz.lianjia.com/ershoufang/105122679637.html
sz,全市,业主诚心卖的，自住房保养好。满五唯一税费少,276,"43,824元/平",2室1厅,62.98平米,南,简装,高楼层(共35层),2013年,龙悦居四期,https://sz.lianjia.com/ershoufang/105121516109.html
sz,全市,户型方正实用，采光好，装修好，生活便利，业主急卖,180,"44,248元/平",1室1厅,40.68平米,东北,精装,低楼层(共30层),2014年,京基滨河时代广场北区,https://sz.lianjia.com/ershoufang/105118214177.html
sz,全市,京基大两房便宜出售 满五红本.业主自住装修很温馨,188,"23,436元/平",2室2厅,80.22平米,西南,其他,高楼层(共29层),2015年,京基御景印象二期,https://sz.lianjia.com/ershoufang/105122327113.html
sz,全市,宝田雅苑端头两房，西南看小区，装修保养好，居家安静,298,"41,303元/平",2室1厅,72.15平米,南,其他,中楼层(共17层),2010年,宝田雅苑,https://sz.lianjia.com/ershoufang/105122526922.html
sz,全市,花园中间，格局方正，业主诚心出售,380,"49,654元/平",3室2厅,76.53平米,南,其他,中楼层(共7层),1995年,松坪村菊苑,https://sz.lianjia.com/ershoufang/105122374522.html
sz,全市,红岭地铁口 商务公寓  租金哇塞 着急卖,138,"19,285元/平",2室1厅,71.56平米,东,其他,中楼层(共27层),2008年,中航凯特公寓,https://sz.lianjia.com/ershoufang/105122168787.html
sz,全市,客厅出阳台大三房，楼层好，业主诚心卖的,405,"33,527元/平",3室2厅,120.8平米,西,简装,低楼层(共33层),1995年,彩虹新都,https://sz.lianjia.com/ershoufang/105118428501.html
sz,全市,锦花大厦 近地铁口  大2房 诚心卖,270,"27,501元/平",2室2厅,98.18平米,南,其他,24层,1992年,锦花大厦,https://sz.lianjia.com/ershoufang/105120305728.html
sz,全市,庐山花园，不用社保70年产权住宅，户型方正，诚心放卖,149,"34,112元/平",1室1厅,43.68平米,东,精装,高楼层(共31层),1996年,庐山花园,https://sz.lianjia.com/ershoufang/105122530289.html
sz,全市,业主诚心出售  离罗湖口岸仅一街之隔，楼下地铁站,102,"23,524元/平",1室0厅,43.36平米,东南,精装,中楼层(共36层),1998年,大中华汇展阁,https://sz.lianjia.com/ershoufang/105112148135.html
sz,全市,PURE33璞岸 3室1厅 北,150,"17,073元/平",3室1厅,87.86平米,北,其他,低楼层(共16层),2015年,PURE33璞岸,https://sz.lianjia.com/ershoufang/105122691001.html
sz,全市,华强城一期精装竖厅南向三房两卫,366,"41,800元/平",3室2厅,87.56平米,南,简装,低楼层(共32层),2019年,华强城市花园一期,https://sz.lianjia.com/ershoufang/105122143413.html
sz,全市,满五红本税少，采光通透，自住，保养好,786,"88,524元/平",3室1厅,88.79平米,南,精装,31层,2014年,莱蒙水榭春天B区6期,https://sz.lianjia.com/ershoufang/105120364739.html
sz,全市,地铁口物业精装两房 诚心出售 。,318,"49,688元/平",2室1厅,64平米,北,精装,7层,2002年,御海新苑二期,https://sz.lianjia.com/ershoufang/105121355428.html
sz,全市,南北通，位置好！光线足！诚卖！,268,"28,812元/平",3室2厅,93.02平米,南,精装,高楼层(共7层),板塔结合,新秀村北区,https://sz.lianjia.com/ershoufang/105119720251.html
sz,全市,视野开阔，站在窗前，景贝南小区的景色尽收眼底,138,"39,205元/平",1室1厅,35.2平米,西,简装,中楼层(共32层),2004年,京基东方都会,https://sz.lianjia.com/ershoufang/105122065802.html
sz,全市,房子红本在手，无抵押，业主诚心出售，,150,"46,964元/平",1室1厅,31.94平米,南,精装,高楼层(共34层),2005年,越海家园,https://sz.lianjia.com/ershoufang/105121925747.html
sz,全市,户型方正，南向 看米铺，景色美，采光佳 ，安静舒适,205,"43,534元/平",1室0厅,47.09平米,南,简装,低楼层(共28层),2007年,加福广场华尔登府邸,https://sz.lianjia.com/ershoufang/105116680934.html
sz,全市,勤诚达誉府 高层看山景 只需契税 智能新装修未住过人,210,"25,308元/平",3室2厅,82.98平米,西北,精装,高楼层(共48层),2024年,勤诚达誉府,https://sz.lianjia.com/ershoufang/105122827355.html
sz,全市,楼层低，南外文华比邻而居，家门口的公园天然氧吧,499,"57,555元/平",3室2厅,86.7平米,南,简装,低楼层(共7层),1994年,科技园四十八区,https://sz.lianjia.com/ershoufang/105121024389.html
sz,全市,富源顶楼复式 配套完善 急售可谈,560,"38,979元/平",5室2厅,143.67平米,东 南,精装,高楼层(共7层),1998年,富源花园,https://sz.lianjia.com/ershoufang/105120103696.html
sz,全市,龙城国际 南北向大五房  板楼户型方正  诚意售,649,"38,199元/平",5室2厅,169.9平米,南,精装,低楼层(共20层),2008年,龙城国际,https://sz.lianjia.com/ershoufang/105118748202.html
sz,全市,满五年唯一 朝南安静税费少 少有的大阳台户型,385,"63,479元/平",2室1厅,60.65平米,西南,其他,32层,2007年,深蓝公寓,https://sz.lianjia.com/ershoufang/105119125780.html
sz,全市,凤凰层，视野好，装修好，客户都说房子好,590,"73,935元/平",2室2厅,79.8平米,西北,精装,30层,2005年,丽晶国际,https://sz.lianjia.com/ershoufang/105120511062.html
sz,全市,此房朝南，视野开阔，通风采光好 双地铁，看房方便,240,"33,159元/平",2室2厅,72.38平米,东南,其他,32层,2017年,中粮云景花园南区,https://sz.lianjia.com/ershoufang/105120737624.html
sz,全市,本 部旁南向大2房 入户大阳台 户型实用 采光好 价可谈,440,"63,750元/平",2室1厅,69.02平米,南,简装,高楼层(共7层),1984年,园岭新村,https://sz.lianjia.com/ershoufang/105119435355.html
sz,全市,大冲新城：南外大冲 1号线地铁口 万象天地,305,"60,492元/平",1室1厅,50.42平米,西,简装,44层,2016年,大冲新城花园,https://sz.lianjia.com/ershoufang/105121672933.html
sz,全市,红山地铁口大四房，龙华品质天花板,898,"76,957元/平",4室2厅,116.69平米,东南,其他,中楼层(共42层),塔楼,天曜府,https://sz.lianjia.com/ershoufang/105122729530.html
sz,全市,满五唯一，红本在手，高楼层视野无遮挡,295,"33,550元/平",2室1厅,87.93平米,西北,精装,中楼层(共31层),2017年,华盛西荟城4期,https://sz.lianjia.com/ershoufang/105121531310.html
sz,全市,南山地铁口 电梯房小户型 单身小年轻过度之所,107,"50,235元/平",1室0厅,21.3平米,南,其他,18层,2001年,仓前锦福苑,https://sz.lianjia.com/ershoufang/105122056042.html
sz,全市,莲塘品质社区鹏兴六期精装2房 高楼层 红本满五年唯一,378,"47,280元/平",2室2厅,79.95平米,东北,精装,高楼层(共22层),2003年,鹏兴花园六期,https://sz.lianjia.com/ershoufang/105121548060.html
sz,全市,金地真复式小区中间户型4房3卫，南向看花园,275,"30,716元/平",4室1厅,89.53平米,南,精装,中楼层(共31层),2014年,金地名峰,https://sz.lianjia.com/ershoufang/105120877530.html
sz,全市,高楼层采光充足效果好，自住随时方便看房。,215,"28,511元/平",3室2厅,75.41平米,南,精装,低楼层(共33层),2014年,万科金域缇香二期,https://sz.lianjia.com/ershoufang/105121767213.html
sz,全市,户型方正  精装修  满五唯一 税费少,180,"53,941元/平",1室1厅,33.37平米,东北,简装,中楼层(共34层),2005年,京基御景华城,https://sz.lianjia.com/ershoufang/105122298488.html
sz,全市,中航天逸B区高楼层朝南三房，满五唯一仅有契税,635,"71,947元/平",3室2厅,88.26平米,西南,精装,高楼层(共30层),2013年,中航天逸,https://sz.lianjia.com/ershoufang/105119763495.html
sz,全市,星湖南向一房一厅，近地铁，满五红本在手，诚心出售,145,"37,840元/平",1室1厅,38.32平米,东南,精装,中楼层(共28层),2005年,星湖花园,https://sz.lianjia.com/ershoufang/105117038752.html
sz,全市,地铁口物业，朝南两房户型，大花园社区，低密度，,473,"51,847元/平",3室2厅,91.23平米,东,简装,11层,2002年,丽景城,https://sz.lianjia.com/ershoufang/105120129745.html
sz,全市,户型方正，视野开阔，通风采光好，满五年，带精装修,699,"59,775元/平",5室2厅,116.94平米,东南,其他,52层,2018年,壹成中心第六区,https://sz.lianjia.com/ershoufang/105120036157.html
sz,全市,高楼层，近地铁，视野开阔，通风好,388,"38,272元/平",4室2厅,101.38平米,西,精装,32层,2018年,拾悦城,https://sz.lianjia.com/ershoufang/105117685124.html
sz,全市,城市明珠 高区 满五唯一 急售,368,"37,986元/平",3室2厅,96.88平米,南,简装,高楼层(共18层),2007年,劲力城市明珠,https://sz.lianjia.com/ershoufang/105119365857.html
sz,全市,户型方正 采光好 看房方便！！！,568,"63,309元/平",3室2厅,89.72平米,西南,简装,29层,1998年,景龙大厦,https://sz.lianjia.com/ershoufang/105119576984.html
sz,全市,中海西岸华府129平米新装修大四房出售,440,"34,091元/平",4室2厅,129.07平米,南,其他,低楼层(共27层),2008年,中海西岸华府北区,https://sz.lianjia.com/ershoufang/105120708289.html
sz,全市,红本在手，只有契税，中高楼层，采光好，视野开阔,266,"37,838元/平",2室2厅,70.3平米,南 东北,精装,中楼层(共33层),板楼,清平华府,https://sz.lianjia.com/ershoufang/105122689443.html
sz,全市,20年全屋精装 满五红本 南向看花园 采光充足 拎包入住,699,"57,409元/平",3室2厅,121.76平米,西南,其他,高楼层(共11层),2000年,弘雅花园雅豪轩三期,https://sz.lianjia.com/ershoufang/105122103961.html
sz,全市,皓月花园两房  满五唯一  红本  税费少,248,"37,633元/平",2室1厅,65.9平米,北,其他,高楼层(共7层),2005年,皓月花园,https://sz.lianjia.com/ershoufang/105121791534.html
sz,全市,世纪村王府4房业主诚意出售   看房24方便,1950,"73,427元/平",4室3厅,265.57平米,西南,简装,29层,2003年,世纪村三期,https://sz.lianjia.com/ershoufang/105122492443.html
